row_id,record_type,period_start,period_end,observation_month,channel_group,channel,geography,value,value_low,value_high,unit,may_value,june_minus_may,relaxation_mbd,relaxation_rank,data_status,confidence,source_url,source_row_ids,method,interpretation,identification_limit
portwatch-202603-calls,monthly_channel,2026-03-01,2026-03-31,2026-03,traffic,PortWatch tanker transit calls,Strait of Hormuz,1.258065,,,tanker_calls_per_day,,,,,observed_AIS_derived_preliminary,medium_for_direction_low_for_oil_volume,https://portwatch.imf.org/pages/data-and-methodology,data/external/portwatch/hormuz_daily_chokepoint.csv,Daily mean; January 1-February 27 baseline=43.517. June tail may be revised.,Equals 2.9% of the pre-shock daily mean.,"Broad tanker class; no direction, loading status, cargo type, onboard volume, or AIS-dark movements. Never convert mechanically to mb/d."
portwatch-202603-capacity,monthly_channel,2026-03-01,2026-03-31,2026-03,traffic,PortWatch tanker capacity proxy,Strait of Hormuz,38641.419355,,,deadweight_tonnes_per_day,,,,,observed_AIS_derived_preliminary,medium_for_direction_low_for_oil_volume,https://portwatch.imf.org/pages/data-and-methodology,data/external/portwatch/hormuz_daily_chokepoint.csv,Daily mean; January 1-February 27 baseline=1992385.914. June tail may be revised.,Equals 1.9% of the pre-shock daily mean.,"Broad tanker class; no direction, loading status, cargo type, onboard volume, or AIS-dark movements. Never convert mechanically to mb/d."
portwatch-202604-calls,monthly_channel,2026-04-01,2026-04-30,2026-04,traffic,PortWatch tanker transit calls,Strait of Hormuz,3.9,,,tanker_calls_per_day,,,,,observed_AIS_derived_preliminary,medium_for_direction_low_for_oil_volume,https://portwatch.imf.org/pages/data-and-methodology,data/external/portwatch/hormuz_daily_chokepoint.csv,Daily mean; January 1-February 27 baseline=43.517. June tail may be revised.,Equals 9.0% of the pre-shock daily mean.,"Broad tanker class; no direction, loading status, cargo type, onboard volume, or AIS-dark movements. Never convert mechanically to mb/d."
portwatch-202604-capacity,monthly_channel,2026-04-01,2026-04-30,2026-04,traffic,PortWatch tanker capacity proxy,Strait of Hormuz,111528,,,deadweight_tonnes_per_day,,,,,observed_AIS_derived_preliminary,medium_for_direction_low_for_oil_volume,https://portwatch.imf.org/pages/data-and-methodology,data/external/portwatch/hormuz_daily_chokepoint.csv,Daily mean; January 1-February 27 baseline=1992385.914. June tail may be revised.,Equals 5.6% of the pre-shock daily mean.,"Broad tanker class; no direction, loading status, cargo type, onboard volume, or AIS-dark movements. Never convert mechanically to mb/d."
portwatch-202605-calls,monthly_channel,2026-05-01,2026-05-31,2026-05,traffic,PortWatch tanker transit calls,Strait of Hormuz,1.709677,,,tanker_calls_per_day,,,,,observed_AIS_derived_preliminary,medium_for_direction_low_for_oil_volume,https://portwatch.imf.org/pages/data-and-methodology,data/external/portwatch/hormuz_daily_chokepoint.csv,Daily mean; January 1-February 27 baseline=43.517. June tail may be revised.,Equals 3.9% of the pre-shock daily mean.,"Broad tanker class; no direction, loading status, cargo type, onboard volume, or AIS-dark movements. Never convert mechanically to mb/d."
portwatch-202605-capacity,monthly_channel,2026-05-01,2026-05-31,2026-05,traffic,PortWatch tanker capacity proxy,Strait of Hormuz,92410.290323,,,deadweight_tonnes_per_day,,,,,observed_AIS_derived_preliminary,medium_for_direction_low_for_oil_volume,https://portwatch.imf.org/pages/data-and-methodology,data/external/portwatch/hormuz_daily_chokepoint.csv,Daily mean; January 1-February 27 baseline=1992385.914. June tail may be revised.,Equals 4.6% of the pre-shock daily mean.,"Broad tanker class; no direction, loading status, cargo type, onboard volume, or AIS-dark movements. Never convert mechanically to mb/d."
portwatch-202606-calls,monthly_channel,2026-06-01,2026-06-30,2026-06,traffic,PortWatch tanker transit calls,Strait of Hormuz,5.666667,,,tanker_calls_per_day,,,,,observed_AIS_derived_preliminary,medium_for_direction_low_for_oil_volume,https://portwatch.imf.org/pages/data-and-methodology,data/external/portwatch/hormuz_daily_chokepoint.csv,Daily mean; January 1-February 27 baseline=43.517. June tail may be revised.,Equals 13.0% of the pre-shock daily mean.,"Broad tanker class; no direction, loading status, cargo type, onboard volume, or AIS-dark movements. Never convert mechanically to mb/d."
portwatch-202606-capacity,monthly_channel,2026-06-01,2026-06-30,2026-06,traffic,PortWatch tanker capacity proxy,Strait of Hormuz,323818.133333,,,deadweight_tonnes_per_day,,,,,observed_AIS_derived_preliminary,medium_for_direction_low_for_oil_volume,https://portwatch.imf.org/pages/data-and-methodology,data/external/portwatch/hormuz_daily_chokepoint.csv,Daily mean; January 1-February 27 baseline=1992385.914. June tail may be revised.,Equals 16.3% of the pre-shock daily mean.,"Broad tanker class; no direction, loading status, cargo type, onboard volume, or AIS-dark movements. Never convert mechanically to mb/d."
timing-pre-shock-calls,reopening_timing,2026-01-01,2026-02-27,,traffic,PortWatch tanker transit calls,Strait of Hormuz,43.517241,,,tanker_calls_per_day,,,,,observed_AIS_derived_preliminary,medium_for_direction_low_for_oil_volume,https://portwatch.imf.org/pages/data-and-methodology,data/external/portwatch/hormuz_daily_chokepoint.csv,Daily mean within the stated window.,100.0% of pre-shock mean.,The tail is revisable and cannot be mapped mechanically to loaded oil volumes.
timing-pre-shock-capacity,reopening_timing,2026-01-01,2026-02-27,,traffic,PortWatch tanker capacity proxy,Strait of Hormuz,1992385.913793,,,deadweight_tonnes_per_day,,,,,observed_AIS_derived_preliminary,medium_for_direction_low_for_oil_volume,https://portwatch.imf.org/pages/data-and-methodology,data/external/portwatch/hormuz_daily_chokepoint.csv,Daily mean within the stated window.,100.0% of pre-shock mean.,The tail is revisable and cannot be mapped mechanically to loaded oil volumes.
timing-june-01-07-calls,reopening_timing,2026-06-01,2026-06-07,,traffic,PortWatch tanker transit calls,Strait of Hormuz,1.857143,,,tanker_calls_per_day,,,,,observed_AIS_derived_preliminary,medium_for_direction_low_for_oil_volume,https://portwatch.imf.org/pages/data-and-methodology,data/external/portwatch/hormuz_daily_chokepoint.csv,Daily mean within the stated window.,4.3% of pre-shock mean.,The tail is revisable and cannot be mapped mechanically to loaded oil volumes.
timing-june-01-07-capacity,reopening_timing,2026-06-01,2026-06-07,,traffic,PortWatch tanker capacity proxy,Strait of Hormuz,13813.142857,,,deadweight_tonnes_per_day,,,,,observed_AIS_derived_preliminary,medium_for_direction_low_for_oil_volume,https://portwatch.imf.org/pages/data-and-methodology,data/external/portwatch/hormuz_daily_chokepoint.csv,Daily mean within the stated window.,0.7% of pre-shock mean.,The tail is revisable and cannot be mapped mechanically to loaded oil volumes.
timing-june-01-07-june-capacity-share,reopening_timing,2026-06-01,2026-06-07,,traffic,share of June PortWatch tanker capacity proxy,Strait of Hormuz,0.995332,,,percent_of_june_total,,,,,observed_AIS_derived_preliminary,medium_for_timing_low_for_oil_volume,https://portwatch.imf.org/pages/data-and-methodology,data/external/portwatch/hormuz_daily_chokepoint.csv,Window tanker-capacity sum divided by the June sum.,Shows how strongly the observed June relaxation was concentrated late in the month.,Capacity is DWT-based and can be zero or revised; it does not observe cargo onboard.
timing-june-08-14-calls,reopening_timing,2026-06-08,2026-06-14,,traffic,PortWatch tanker transit calls,Strait of Hormuz,1.142857,,,tanker_calls_per_day,,,,,observed_AIS_derived_preliminary,medium_for_direction_low_for_oil_volume,https://portwatch.imf.org/pages/data-and-methodology,data/external/portwatch/hormuz_daily_chokepoint.csv,Daily mean within the stated window.,2.6% of pre-shock mean.,The tail is revisable and cannot be mapped mechanically to loaded oil volumes.
timing-june-08-14-capacity,reopening_timing,2026-06-08,2026-06-14,,traffic,PortWatch tanker capacity proxy,Strait of Hormuz,18093.285714,,,deadweight_tonnes_per_day,,,,,observed_AIS_derived_preliminary,medium_for_direction_low_for_oil_volume,https://portwatch.imf.org/pages/data-and-methodology,data/external/portwatch/hormuz_daily_chokepoint.csv,Daily mean within the stated window.,0.9% of pre-shock mean.,The tail is revisable and cannot be mapped mechanically to loaded oil volumes.
timing-june-08-14-june-capacity-share,reopening_timing,2026-06-08,2026-06-14,,traffic,share of June PortWatch tanker capacity proxy,Strait of Hormuz,1.303746,,,percent_of_june_total,,,,,observed_AIS_derived_preliminary,medium_for_timing_low_for_oil_volume,https://portwatch.imf.org/pages/data-and-methodology,data/external/portwatch/hormuz_daily_chokepoint.csv,Window tanker-capacity sum divided by the June sum.,Shows how strongly the observed June relaxation was concentrated late in the month.,Capacity is DWT-based and can be zero or revised; it does not observe cargo onboard.
timing-june-15-21-calls,reopening_timing,2026-06-15,2026-06-21,,traffic,PortWatch tanker transit calls,Strait of Hormuz,4.714286,,,tanker_calls_per_day,,,,,observed_AIS_derived_preliminary,medium_for_direction_low_for_oil_volume,https://portwatch.imf.org/pages/data-and-methodology,data/external/portwatch/hormuz_daily_chokepoint.csv,Daily mean within the stated window.,10.8% of pre-shock mean.,The tail is revisable and cannot be mapped mechanically to loaded oil volumes.
timing-june-15-21-capacity,reopening_timing,2026-06-15,2026-06-21,,traffic,PortWatch tanker capacity proxy,Strait of Hormuz,285513.571429,,,deadweight_tonnes_per_day,,,,,observed_AIS_derived_preliminary,medium_for_direction_low_for_oil_volume,https://portwatch.imf.org/pages/data-and-methodology,data/external/portwatch/hormuz_daily_chokepoint.csv,Daily mean within the stated window.,14.3% of pre-shock mean.,The tail is revisable and cannot be mapped mechanically to loaded oil volumes.
timing-june-15-21-june-capacity-share,reopening_timing,2026-06-15,2026-06-21,,traffic,share of June PortWatch tanker capacity proxy,Strait of Hormuz,20.573225,,,percent_of_june_total,,,,,observed_AIS_derived_preliminary,medium_for_timing_low_for_oil_volume,https://portwatch.imf.org/pages/data-and-methodology,data/external/portwatch/hormuz_daily_chokepoint.csv,Window tanker-capacity sum divided by the June sum.,Shows how strongly the observed June relaxation was concentrated late in the month.,Capacity is DWT-based and can be zero or revised; it does not observe cargo onboard.
timing-june-22-30-calls,reopening_timing,2026-06-22,2026-06-30,,traffic,PortWatch tanker transit calls,Strait of Hormuz,12.888889,,,tanker_calls_per_day,,,,,observed_AIS_derived_preliminary,medium_for_direction_low_for_oil_volume,https://portwatch.imf.org/pages/data-and-methodology,data/external/portwatch/hormuz_daily_chokepoint.csv,Daily mean within the stated window.,29.6% of pre-shock mean.,The tail is revisable and cannot be mapped mechanically to loaded oil volumes.
timing-june-22-30-capacity,reopening_timing,2026-06-22,2026-06-30,,traffic,PortWatch tanker capacity proxy,Strait of Hormuz,832511.555556,,,deadweight_tonnes_per_day,,,,,observed_AIS_derived_preliminary,medium_for_direction_low_for_oil_volume,https://portwatch.imf.org/pages/data-and-methodology,data/external/portwatch/hormuz_daily_chokepoint.csv,Daily mean within the stated window.,41.8% of pre-shock mean.,The tail is revisable and cannot be mapped mechanically to loaded oil volumes.
timing-june-22-30-june-capacity-share,reopening_timing,2026-06-22,2026-06-30,,traffic,share of June PortWatch tanker capacity proxy,Strait of Hormuz,77.127696,,,percent_of_june_total,,,,,observed_AIS_derived_preliminary,medium_for_timing_low_for_oil_volume,https://portwatch.imf.org/pages/data-and-methodology,data/external/portwatch/hormuz_daily_chokepoint.csv,Window tanker-capacity sum divided by the June sum.,Shows how strongly the observed June relaxation was concentrated late in the month.,Capacity is DWT-based and can be zero or revised; it does not observe cargo onboard.
physical-202603-bypass-saudi_arabia,monthly_channel,2026-03-01,2026-03-31,2026-03,rerouting,Saudi East-West/Petroline to Yanbu,Saudi Arabia,3.5,,,mb/d,,,,,bounded_reconstruction,low_medium,https://www.iea.org/commentaries/how-global-oil-supplies-have-readjusted-to-help-fill-the-huge-gap-left-by-the-strait-of-hormuz-shock | https://www.aramco.com/en/news-media/news/2026/aramco-announces-first-quarter-2026-results,saudi_arabia_2026-03_bypass_flow,IEA says Yanbu exports rose from 2 mb/d pre-war to more than 5 mb/d in early June; March is an interpolated ramp and April-June use the 5 mb/d lower bound. Aramco reports the pipeline reached 7 mb/d maximum capacity in Q1.,"Gross route flow, already embodied in production/exports; only its increment above baseline mitigates the shock.",Gross route flow preserves exports already embedded in actual production. Only the increment above the pre-war route baseline is a mitigation increment; neither is new global production.
physical-202603-bypass-united_arab_emirates,monthly_channel,2026-03-01,2026-03-31,2026-03,rerouting,UAE Habshan-Fujairah pipeline,United Arab Emirates,1.5,,,mb/d,,,,,bounded_reconstruction,low_medium,https://www.iea.org/commentaries/how-global-oil-supplies-have-readjusted-to-help-fill-the-huge-gap-left-by-the-strait-of-hormuz-shock,united_arab_emirates_2026-03_bypass_flow,IEA gives 1.8 mb/d pipeline capability and reports UAE total exports at 1.9 mb/d in March and 4.3 mb/d in early June; the route series ramps to demonstrated pipeline capability. Dark Hormuz/STS activity is excluded from this bypass row.,"Gross route flow, already embodied in production/exports; only its increment above baseline mitigates the shock.",Gross route flow preserves exports already embedded in actual production. Only the increment above the pre-war route baseline is a mitigation increment; neither is new global production.
physical-202603-bypass-iraq,monthly_channel,2026-03-01,2026-03-31,2026-03,rerouting,Iraq-Türkiye pipeline to Ceyhan,Iraq,0.113,,,mb/d,,,,,bounded_reconstruction,low_medium,https://www.iea.org/commentaries/how-global-oil-supplies-have-readjusted-to-help-fill-the-huge-gap-left-by-the-strait-of-hormuz-shock | https://www.thenationalnews.com/business/energy/2026/03/18/iraq-to-resume-oil-exports-via-turkeys-ceyhan-port-amid-regional-tensions/,iraq_2026-03_bypass_flow,Iraq's North Oil Company reported 250 kb/d starting 18 March. March monthly average is 0.25 mb/d for 14 of 31 days; April-June hold the reported initial rate.,"Gross route flow, already embodied in production/exports; only its increment above baseline mitigates the shock.",Gross route flow preserves exports already embedded in actual production. Only the increment above the pre-war route baseline is a mitigation increment; neither is new global production.
physical-202603-bypass-other_gulf_route_residual,monthly_channel,2026-03-01,2026-03-31,2026-03,rerouting,Other non-Hormuz route residual,Other Gulf route residual,0.387,,,mb/d,,,,,bounded_reconstruction,low_medium,https://www.iea.org/reports/oil-market-report-april-2026 | https://www.iea.org/commentaries/how-global-oil-supplies-have-readjusted-to-help-fill-the-huge-gap-left-by-the-strait-of-hormuz-shock,other_gulf_route_residual_2026-03_bypass_flow,Arithmetic remainder needed for named routes to equal the 5.5 mb/d March working estimate and IEA's 7.2 mb/d early-April aggregate. It is not a measured Iran/Jask series.,"Gross route flow, already embodied in production/exports; only its increment above baseline mitigates the shock.",Gross route flow preserves exports already embedded in actual production. Only the increment above the pre-war route baseline is a mitigation increment; neither is new global production.
physical-202603-bypass-total,monthly_channel,2026-03-01,2026-03-31,2026-03,rerouting,Total gross non-Hormuz route flow,Gulf producers,5.5,,,mb/d,,,,,bounded_reconstruction,low_medium,https://www.iea.org/commentaries/how-global-oil-supplies-have-readjusted-to-help-fill-the-huge-gap-left-by-the-strait-of-hormuz-shock | https://www.aramco.com/en/news-media/news/2026/aramco-announces-first-quarter-2026-results | https://www.iea.org/commentaries/how-global-oil-supplies-have-readjusted-to-help-fill-the-huge-gap-left-by-the-strait-of-hormuz-shock | https://www.iea.org/commentaries/how-global-oil-supplies-have-readjusted-to-help-fill-the-huge-gap-left-by-the-strait-of-hormuz-shock | https://www.thenationalnews.com/business/energy/2026/03/18/iraq-to-resume-oil-exports-via-turkeys-ceyhan-port-amid-regional-tensions/ | https://www.iea.org/reports/oil-market-report-april-2026 | https://www.iea.org/commentaries/how-global-oil-supplies-have-readjusted-to-help-fill-the-huge-gap-left-by-the-strait-of-hormuz-shock,saudi_arabia_2026-03_bypass_flow | united_arab_emirates_2026-03_bypass_flow | iraq_2026-03_bypass_flow | other_gulf_route_residual_2026-03_bypass_flow,Sum of four route reconstruction rows.,The working total rises from 5.5 mb/d in March to 7.2 mb/d from April onward and does not fall in June.,"A flat June estimate may reflect capacity, contracts, or slow reversal; it does not by itself prove bypass is the cheapest channel."
physical-202603-hormuz,monthly_channel,2026-03-01,2026-03-31,2026-03,physical_flow,Oil flow through Hormuz,Strait of Hormuz,2.7,,,mb/d,,,,,period_average,medium,https://www.iea.org/commentaries/how-global-oil-supplies-have-readjusted-to-help-fill-the-huge-gap-left-by-the-strait-of-hormuz-shock | https://www.iea.org/reports/oil-market-report-july-2026,hormuz_2026-03_oil_flow,"March-May each display the same IEA 2.7 mb/d March-May period average for integration, not separate monthly observations. June is 16.1 mb/d total Gulf exports less 7.2 mb/d alternative-route estimate.",March-May repeats an IEA period average; June is inferred as 16.1 mb/d total Gulf exports minus 7.2 mb/d bypass.,The June number is not an observed IEA Hormuz-flow series and cannot be validated by vessel counts alone.
physical-202603-crude-shutin,monthly_channel,2026-03-01,2026-03-31,2026-03,physical_supply,Closure-related crude production shut-in,Affected Gulf producers,8.89,,,mb/d,,,,,official_estimate,medium_high,https://www.eia.gov/outlooks/steo/archives/jul26.pdf,kuwait_2026-03_crude_shutin | united_arab_emirates_2026-03_crude_shutin | iran_2026-03_crude_shutin | iraq_2026-03_crude_shutin | qatar_2026-03_crude_shutin | bahrain_2026-03_crude_shutin | saudi_arabia_2026-03_crude_shutin,Sum of seven EIA July STEO country estimates.,Positive is production unavailable. The decline from 11.20 mb/d in May to 8.29 mb/d in June is a 2.91 mb/d production relaxation.,Crude only; do not compare directly with broader IEA total-oil Gulf losses without a taxonomy adjustment.
physical-202604-bypass-saudi_arabia,monthly_channel,2026-04-01,2026-04-30,2026-04,rerouting,Saudi East-West/Petroline to Yanbu,Saudi Arabia,5,,,mb/d,,,,,bounded_reconstruction,low_medium,https://www.iea.org/commentaries/how-global-oil-supplies-have-readjusted-to-help-fill-the-huge-gap-left-by-the-strait-of-hormuz-shock | https://www.aramco.com/en/news-media/news/2026/aramco-announces-first-quarter-2026-results,saudi_arabia_2026-04_bypass_flow,IEA says Yanbu exports rose from 2 mb/d pre-war to more than 5 mb/d in early June; March is an interpolated ramp and April-June use the 5 mb/d lower bound. Aramco reports the pipeline reached 7 mb/d maximum capacity in Q1.,"Gross route flow, already embodied in production/exports; only its increment above baseline mitigates the shock.",Gross route flow preserves exports already embedded in actual production. Only the increment above the pre-war route baseline is a mitigation increment; neither is new global production.
physical-202604-bypass-united_arab_emirates,monthly_channel,2026-04-01,2026-04-30,2026-04,rerouting,UAE Habshan-Fujairah pipeline,United Arab Emirates,1.8,,,mb/d,,,,,bounded_reconstruction,low_medium,https://www.iea.org/commentaries/how-global-oil-supplies-have-readjusted-to-help-fill-the-huge-gap-left-by-the-strait-of-hormuz-shock,united_arab_emirates_2026-04_bypass_flow,IEA gives 1.8 mb/d pipeline capability and reports UAE total exports at 1.9 mb/d in March and 4.3 mb/d in early June; the route series ramps to demonstrated pipeline capability. Dark Hormuz/STS activity is excluded from this bypass row.,"Gross route flow, already embodied in production/exports; only its increment above baseline mitigates the shock.",Gross route flow preserves exports already embedded in actual production. Only the increment above the pre-war route baseline is a mitigation increment; neither is new global production.
physical-202604-bypass-iraq,monthly_channel,2026-04-01,2026-04-30,2026-04,rerouting,Iraq-Türkiye pipeline to Ceyhan,Iraq,0.25,,,mb/d,,,,,bounded_reconstruction,low_medium,https://www.iea.org/commentaries/how-global-oil-supplies-have-readjusted-to-help-fill-the-huge-gap-left-by-the-strait-of-hormuz-shock | https://www.thenationalnews.com/business/energy/2026/03/18/iraq-to-resume-oil-exports-via-turkeys-ceyhan-port-amid-regional-tensions/,iraq_2026-04_bypass_flow,Iraq's North Oil Company reported 250 kb/d starting 18 March. March monthly average is 0.25 mb/d for 14 of 31 days; April-June hold the reported initial rate.,"Gross route flow, already embodied in production/exports; only its increment above baseline mitigates the shock.",Gross route flow preserves exports already embedded in actual production. Only the increment above the pre-war route baseline is a mitigation increment; neither is new global production.
physical-202604-bypass-other_gulf_route_residual,monthly_channel,2026-04-01,2026-04-30,2026-04,rerouting,Other non-Hormuz route residual,Other Gulf route residual,0.15,,,mb/d,,,,,bounded_reconstruction,low_medium,https://www.iea.org/reports/oil-market-report-april-2026 | https://www.iea.org/commentaries/how-global-oil-supplies-have-readjusted-to-help-fill-the-huge-gap-left-by-the-strait-of-hormuz-shock,other_gulf_route_residual_2026-04_bypass_flow,Arithmetic remainder needed for named routes to equal the 5.5 mb/d March working estimate and IEA's 7.2 mb/d early-April aggregate. It is not a measured Iran/Jask series.,"Gross route flow, already embodied in production/exports; only its increment above baseline mitigates the shock.",Gross route flow preserves exports already embedded in actual production. Only the increment above the pre-war route baseline is a mitigation increment; neither is new global production.
physical-202604-bypass-total,monthly_channel,2026-04-01,2026-04-30,2026-04,rerouting,Total gross non-Hormuz route flow,Gulf producers,7.2,,,mb/d,,,,,bounded_reconstruction,low_medium,https://www.iea.org/commentaries/how-global-oil-supplies-have-readjusted-to-help-fill-the-huge-gap-left-by-the-strait-of-hormuz-shock | https://www.aramco.com/en/news-media/news/2026/aramco-announces-first-quarter-2026-results | https://www.iea.org/commentaries/how-global-oil-supplies-have-readjusted-to-help-fill-the-huge-gap-left-by-the-strait-of-hormuz-shock | https://www.iea.org/commentaries/how-global-oil-supplies-have-readjusted-to-help-fill-the-huge-gap-left-by-the-strait-of-hormuz-shock | https://www.thenationalnews.com/business/energy/2026/03/18/iraq-to-resume-oil-exports-via-turkeys-ceyhan-port-amid-regional-tensions/ | https://www.iea.org/reports/oil-market-report-april-2026 | https://www.iea.org/commentaries/how-global-oil-supplies-have-readjusted-to-help-fill-the-huge-gap-left-by-the-strait-of-hormuz-shock,saudi_arabia_2026-04_bypass_flow | united_arab_emirates_2026-04_bypass_flow | iraq_2026-04_bypass_flow | other_gulf_route_residual_2026-04_bypass_flow,Sum of four route reconstruction rows.,The working total rises from 5.5 mb/d in March to 7.2 mb/d from April onward and does not fall in June.,"A flat June estimate may reflect capacity, contracts, or slow reversal; it does not by itself prove bypass is the cheapest channel."
physical-202604-hormuz,monthly_channel,2026-04-01,2026-04-30,2026-04,physical_flow,Oil flow through Hormuz,Strait of Hormuz,2.7,,,mb/d,,,,,period_average,medium,https://www.iea.org/commentaries/how-global-oil-supplies-have-readjusted-to-help-fill-the-huge-gap-left-by-the-strait-of-hormuz-shock | https://www.iea.org/reports/oil-market-report-july-2026,hormuz_2026-04_oil_flow,"March-May each display the same IEA 2.7 mb/d March-May period average for integration, not separate monthly observations. June is 16.1 mb/d total Gulf exports less 7.2 mb/d alternative-route estimate.",March-May repeats an IEA period average; June is inferred as 16.1 mb/d total Gulf exports minus 7.2 mb/d bypass.,The June number is not an observed IEA Hormuz-flow series and cannot be validated by vessel counts alone.
physical-202604-crude-shutin,monthly_channel,2026-04-01,2026-04-30,2026-04,physical_supply,Closure-related crude production shut-in,Affected Gulf producers,10.4,,,mb/d,,,,,official_estimate,medium_high,https://www.eia.gov/outlooks/steo/archives/jul26.pdf,kuwait_2026-04_crude_shutin | united_arab_emirates_2026-04_crude_shutin | iran_2026-04_crude_shutin | iraq_2026-04_crude_shutin | qatar_2026-04_crude_shutin | bahrain_2026-04_crude_shutin | saudi_arabia_2026-04_crude_shutin,Sum of seven EIA July STEO country estimates.,Positive is production unavailable. The decline from 11.20 mb/d in May to 8.29 mb/d in June is a 2.91 mb/d production relaxation.,Crude only; do not compare directly with broader IEA total-oil Gulf losses without a taxonomy adjustment.
physical-202605-bypass-saudi_arabia,monthly_channel,2026-05-01,2026-05-31,2026-05,rerouting,Saudi East-West/Petroline to Yanbu,Saudi Arabia,5,,,mb/d,,,,,bounded_reconstruction,low_medium,https://www.iea.org/commentaries/how-global-oil-supplies-have-readjusted-to-help-fill-the-huge-gap-left-by-the-strait-of-hormuz-shock | https://www.aramco.com/en/news-media/news/2026/aramco-announces-first-quarter-2026-results,saudi_arabia_2026-05_bypass_flow,IEA says Yanbu exports rose from 2 mb/d pre-war to more than 5 mb/d in early June; March is an interpolated ramp and April-June use the 5 mb/d lower bound. Aramco reports the pipeline reached 7 mb/d maximum capacity in Q1.,"Gross route flow, already embodied in production/exports; only its increment above baseline mitigates the shock.",Gross route flow preserves exports already embedded in actual production. Only the increment above the pre-war route baseline is a mitigation increment; neither is new global production.
physical-202605-bypass-united_arab_emirates,monthly_channel,2026-05-01,2026-05-31,2026-05,rerouting,UAE Habshan-Fujairah pipeline,United Arab Emirates,1.8,,,mb/d,,,,,bounded_reconstruction,low_medium,https://www.iea.org/commentaries/how-global-oil-supplies-have-readjusted-to-help-fill-the-huge-gap-left-by-the-strait-of-hormuz-shock,united_arab_emirates_2026-05_bypass_flow,IEA gives 1.8 mb/d pipeline capability and reports UAE total exports at 1.9 mb/d in March and 4.3 mb/d in early June; the route series ramps to demonstrated pipeline capability. Dark Hormuz/STS activity is excluded from this bypass row.,"Gross route flow, already embodied in production/exports; only its increment above baseline mitigates the shock.",Gross route flow preserves exports already embedded in actual production. Only the increment above the pre-war route baseline is a mitigation increment; neither is new global production.
physical-202605-bypass-iraq,monthly_channel,2026-05-01,2026-05-31,2026-05,rerouting,Iraq-Türkiye pipeline to Ceyhan,Iraq,0.25,,,mb/d,,,,,bounded_reconstruction,low_medium,https://www.iea.org/commentaries/how-global-oil-supplies-have-readjusted-to-help-fill-the-huge-gap-left-by-the-strait-of-hormuz-shock | https://www.thenationalnews.com/business/energy/2026/03/18/iraq-to-resume-oil-exports-via-turkeys-ceyhan-port-amid-regional-tensions/,iraq_2026-05_bypass_flow,Iraq's North Oil Company reported 250 kb/d starting 18 March. March monthly average is 0.25 mb/d for 14 of 31 days; April-June hold the reported initial rate.,"Gross route flow, already embodied in production/exports; only its increment above baseline mitigates the shock.",Gross route flow preserves exports already embedded in actual production. Only the increment above the pre-war route baseline is a mitigation increment; neither is new global production.
physical-202605-bypass-other_gulf_route_residual,monthly_channel,2026-05-01,2026-05-31,2026-05,rerouting,Other non-Hormuz route residual,Other Gulf route residual,0.15,,,mb/d,,,,,bounded_reconstruction,low_medium,https://www.iea.org/reports/oil-market-report-april-2026 | https://www.iea.org/commentaries/how-global-oil-supplies-have-readjusted-to-help-fill-the-huge-gap-left-by-the-strait-of-hormuz-shock,other_gulf_route_residual_2026-05_bypass_flow,Arithmetic remainder needed for named routes to equal the 5.5 mb/d March working estimate and IEA's 7.2 mb/d early-April aggregate. It is not a measured Iran/Jask series.,"Gross route flow, already embodied in production/exports; only its increment above baseline mitigates the shock.",Gross route flow preserves exports already embedded in actual production. Only the increment above the pre-war route baseline is a mitigation increment; neither is new global production.
physical-202605-bypass-total,monthly_channel,2026-05-01,2026-05-31,2026-05,rerouting,Total gross non-Hormuz route flow,Gulf producers,7.2,,,mb/d,,,,,bounded_reconstruction,low_medium,https://www.iea.org/commentaries/how-global-oil-supplies-have-readjusted-to-help-fill-the-huge-gap-left-by-the-strait-of-hormuz-shock | https://www.aramco.com/en/news-media/news/2026/aramco-announces-first-quarter-2026-results | https://www.iea.org/commentaries/how-global-oil-supplies-have-readjusted-to-help-fill-the-huge-gap-left-by-the-strait-of-hormuz-shock | https://www.iea.org/commentaries/how-global-oil-supplies-have-readjusted-to-help-fill-the-huge-gap-left-by-the-strait-of-hormuz-shock | https://www.thenationalnews.com/business/energy/2026/03/18/iraq-to-resume-oil-exports-via-turkeys-ceyhan-port-amid-regional-tensions/ | https://www.iea.org/reports/oil-market-report-april-2026 | https://www.iea.org/commentaries/how-global-oil-supplies-have-readjusted-to-help-fill-the-huge-gap-left-by-the-strait-of-hormuz-shock,saudi_arabia_2026-05_bypass_flow | united_arab_emirates_2026-05_bypass_flow | iraq_2026-05_bypass_flow | other_gulf_route_residual_2026-05_bypass_flow,Sum of four route reconstruction rows.,The working total rises from 5.5 mb/d in March to 7.2 mb/d from April onward and does not fall in June.,"A flat June estimate may reflect capacity, contracts, or slow reversal; it does not by itself prove bypass is the cheapest channel."
physical-202605-hormuz,monthly_channel,2026-05-01,2026-05-31,2026-05,physical_flow,Oil flow through Hormuz,Strait of Hormuz,2.7,,,mb/d,,,,,period_average,medium,https://www.iea.org/commentaries/how-global-oil-supplies-have-readjusted-to-help-fill-the-huge-gap-left-by-the-strait-of-hormuz-shock | https://www.iea.org/reports/oil-market-report-july-2026,hormuz_2026-05_oil_flow,"March-May each display the same IEA 2.7 mb/d March-May period average for integration, not separate monthly observations. June is 16.1 mb/d total Gulf exports less 7.2 mb/d alternative-route estimate.",March-May repeats an IEA period average; June is inferred as 16.1 mb/d total Gulf exports minus 7.2 mb/d bypass.,The June number is not an observed IEA Hormuz-flow series and cannot be validated by vessel counts alone.
physical-202605-crude-shutin,monthly_channel,2026-05-01,2026-05-31,2026-05,physical_supply,Closure-related crude production shut-in,Affected Gulf producers,11.2,,,mb/d,,,,,official_estimate,medium_high,https://www.eia.gov/outlooks/steo/archives/jul26.pdf,kuwait_2026-05_crude_shutin | united_arab_emirates_2026-05_crude_shutin | iran_2026-05_crude_shutin | iraq_2026-05_crude_shutin | qatar_2026-05_crude_shutin | bahrain_2026-05_crude_shutin | saudi_arabia_2026-05_crude_shutin,Sum of seven EIA July STEO country estimates.,Positive is production unavailable. The decline from 11.20 mb/d in May to 8.29 mb/d in June is a 2.91 mb/d production relaxation.,Crude only; do not compare directly with broader IEA total-oil Gulf losses without a taxonomy adjustment.
physical-202606-bypass-saudi_arabia,monthly_channel,2026-06-01,2026-06-30,2026-06,rerouting,Saudi East-West/Petroline to Yanbu,Saudi Arabia,5,,,mb/d,,,,,bounded_reconstruction,low_medium,https://www.iea.org/commentaries/how-global-oil-supplies-have-readjusted-to-help-fill-the-huge-gap-left-by-the-strait-of-hormuz-shock | https://www.aramco.com/en/news-media/news/2026/aramco-announces-first-quarter-2026-results,saudi_arabia_2026-06_bypass_flow,IEA says Yanbu exports rose from 2 mb/d pre-war to more than 5 mb/d in early June; March is an interpolated ramp and April-June use the 5 mb/d lower bound. Aramco reports the pipeline reached 7 mb/d maximum capacity in Q1.,"Gross route flow, already embodied in production/exports; only its increment above baseline mitigates the shock.",Gross route flow preserves exports already embedded in actual production. Only the increment above the pre-war route baseline is a mitigation increment; neither is new global production.
physical-202606-bypass-united_arab_emirates,monthly_channel,2026-06-01,2026-06-30,2026-06,rerouting,UAE Habshan-Fujairah pipeline,United Arab Emirates,1.8,,,mb/d,,,,,bounded_reconstruction,low_medium,https://www.iea.org/commentaries/how-global-oil-supplies-have-readjusted-to-help-fill-the-huge-gap-left-by-the-strait-of-hormuz-shock,united_arab_emirates_2026-06_bypass_flow,IEA gives 1.8 mb/d pipeline capability and reports UAE total exports at 1.9 mb/d in March and 4.3 mb/d in early June; the route series ramps to demonstrated pipeline capability. Dark Hormuz/STS activity is excluded from this bypass row.,"Gross route flow, already embodied in production/exports; only its increment above baseline mitigates the shock.",Gross route flow preserves exports already embedded in actual production. Only the increment above the pre-war route baseline is a mitigation increment; neither is new global production.
physical-202606-bypass-iraq,monthly_channel,2026-06-01,2026-06-30,2026-06,rerouting,Iraq-Türkiye pipeline to Ceyhan,Iraq,0.25,,,mb/d,,,,,bounded_reconstruction,low_medium,https://www.iea.org/commentaries/how-global-oil-supplies-have-readjusted-to-help-fill-the-huge-gap-left-by-the-strait-of-hormuz-shock | https://www.thenationalnews.com/business/energy/2026/03/18/iraq-to-resume-oil-exports-via-turkeys-ceyhan-port-amid-regional-tensions/,iraq_2026-06_bypass_flow,Iraq's North Oil Company reported 250 kb/d starting 18 March. March monthly average is 0.25 mb/d for 14 of 31 days; April-June hold the reported initial rate.,"Gross route flow, already embodied in production/exports; only its increment above baseline mitigates the shock.",Gross route flow preserves exports already embedded in actual production. Only the increment above the pre-war route baseline is a mitigation increment; neither is new global production.
physical-202606-bypass-other_gulf_route_residual,monthly_channel,2026-06-01,2026-06-30,2026-06,rerouting,Other non-Hormuz route residual,Other Gulf route residual,0.15,,,mb/d,,,,,bounded_reconstruction,low_medium,https://www.iea.org/reports/oil-market-report-april-2026 | https://www.iea.org/commentaries/how-global-oil-supplies-have-readjusted-to-help-fill-the-huge-gap-left-by-the-strait-of-hormuz-shock,other_gulf_route_residual_2026-06_bypass_flow,Arithmetic remainder needed for named routes to equal the 5.5 mb/d March working estimate and IEA's 7.2 mb/d early-April aggregate. It is not a measured Iran/Jask series.,"Gross route flow, already embodied in production/exports; only its increment above baseline mitigates the shock.",Gross route flow preserves exports already embedded in actual production. Only the increment above the pre-war route baseline is a mitigation increment; neither is new global production.
physical-202606-bypass-total,monthly_channel,2026-06-01,2026-06-30,2026-06,rerouting,Total gross non-Hormuz route flow,Gulf producers,7.2,,,mb/d,7.2,0,0,,bounded_reconstruction,low_medium,https://www.iea.org/commentaries/how-global-oil-supplies-have-readjusted-to-help-fill-the-huge-gap-left-by-the-strait-of-hormuz-shock | https://www.aramco.com/en/news-media/news/2026/aramco-announces-first-quarter-2026-results | https://www.iea.org/commentaries/how-global-oil-supplies-have-readjusted-to-help-fill-the-huge-gap-left-by-the-strait-of-hormuz-shock | https://www.iea.org/commentaries/how-global-oil-supplies-have-readjusted-to-help-fill-the-huge-gap-left-by-the-strait-of-hormuz-shock | https://www.thenationalnews.com/business/energy/2026/03/18/iraq-to-resume-oil-exports-via-turkeys-ceyhan-port-amid-regional-tensions/ | https://www.iea.org/reports/oil-market-report-april-2026 | https://www.iea.org/commentaries/how-global-oil-supplies-have-readjusted-to-help-fill-the-huge-gap-left-by-the-strait-of-hormuz-shock,saudi_arabia_2026-06_bypass_flow | united_arab_emirates_2026-06_bypass_flow | iraq_2026-06_bypass_flow | other_gulf_route_residual_2026-06_bypass_flow,Sum of four route reconstruction rows.,The working total rises from 5.5 mb/d in March to 7.2 mb/d from April onward and does not fall in June.,"A flat June estimate may reflect capacity, contracts, or slow reversal; it does not by itself prove bypass is the cheapest channel."
physical-202606-hormuz,monthly_channel,2026-06-01,2026-06-30,2026-06,physical_flow,Oil flow through Hormuz,Strait of Hormuz,8.9,,,mb/d,2.7,6.2,6.2,,inferred_monthly_average,low_medium,https://www.iea.org/commentaries/how-global-oil-supplies-have-readjusted-to-help-fill-the-huge-gap-left-by-the-strait-of-hormuz-shock | https://www.iea.org/reports/oil-market-report-july-2026,hormuz_2026-06_oil_flow,"March-May each display the same IEA 2.7 mb/d March-May period average for integration, not separate monthly observations. June is 16.1 mb/d total Gulf exports less 7.2 mb/d alternative-route estimate.",March-May repeats an IEA period average; June is inferred as 16.1 mb/d total Gulf exports minus 7.2 mb/d bypass.,The June number is not an observed IEA Hormuz-flow series and cannot be validated by vessel counts alone.
physical-202606-crude-shutin,monthly_channel,2026-06-01,2026-06-30,2026-06,physical_supply,Closure-related crude production shut-in,Affected Gulf producers,8.29,,,mb/d,11.2,-2.91,2.91,,official_estimate,medium_high,https://www.eia.gov/outlooks/steo/archives/jul26.pdf,kuwait_2026-06_crude_shutin | united_arab_emirates_2026-06_crude_shutin | iran_2026-06_crude_shutin | iraq_2026-06_crude_shutin | qatar_2026-06_crude_shutin | bahrain_2026-06_crude_shutin | saudi_arabia_2026-06_crude_shutin,Sum of seven EIA July STEO country estimates.,Positive is production unavailable. The decline from 11.20 mb/d in May to 8.29 mb/d in June is a 2.91 mb/d production relaxation.,Crude only; do not compare directly with broader IEA total-oil Gulf losses without a taxonomy adjustment.
inventory-202603-global-total,monthly_channel,2026-03-01,2026-03-31,2026-03,inventory,Global observed total stock draw rate,World,4.16129,,,mb/d,,,,,revised_preliminary_estimate,medium_high,https://www.iea.org/reports/oil-market-report-may-2026,iea_may_mar_inventory,"Negative of IEA monthly stock change divided by calendar days; positive means draw, negative means build.",The total balance flips from a 2.35 mb/d draw in May to a 0.70 mb/d build in June.,Includes oil on water. The June flip is not evidence that consumer tanks rebuilt.
inventory-202603-global-onshore,monthly_channel,2026-03-01,2026-03-31,2026-03,inventory_timing,Global onshore stock draw rate,World,,,,mb/d,,,,,not_publicly_reported_in_project_input,none,https://www.iea.org/reports/oil-market-report-july-2026,,IEA monthly volume divided by calendar days; blank where no matching public component is available.,Positive means onshore tanks continued to supply the market.,"Component coverage is incomplete across months, so April-to-June comparisons are descriptive, not a continuous panel."
inventory-202603-global-water,monthly_channel,2026-03-01,2026-03-31,2026-03,inventory_timing,Global oil-on-water accumulation rate,World,,,,mb/d,,,,,not_publicly_reported_in_project_input,none,https://www.iea.org/reports/oil-market-report-july-2026,,IEA monthly volume divided by calendar days; blank where no matching public component is available.,"Positive means barrels entered the in-transit/floating bucket, not end-user tanks.","Component coverage is incomplete across months, so April-to-June comparisons are descriptive, not a continuous panel."
inventory-202603-us-spr,monthly_channel,2026-03-01,2026-03-31,2026-03,emergency_inventory,U.S. SPR draw rate,United States,0.012161,,,mb/d,,,,,weekly_observed,high,https://www.eia.gov/dnav/pet/hist/LeafHandler.ashx?f=W&n=PET&s=WCSSTUS1,us-spr-actual-202603,"Observed project monthly draw divided by calendar days. The source endpoints are the last weekly observations, not exact month-end dates.",Positive is a draw; negative is a build. Commercial total excludes SPR.,"U.S. is a high-frequency illustration, not the global emergency/commercial split."
inventory-202603-us-commercial_total,monthly_channel,2026-03-01,2026-03-31,2026-03,commercial_inventory,U.S. total commercial petroleum stock draw rate,United States,-0.152,,,mb/d,,,,,weekly_observed,high,https://www.eia.gov/dnav/pet/hist/LeafHandler.ashx?f=W&n=PET&s=WTESTUS1,us-commercial_total-actual-202603,"Observed project monthly draw divided by calendar days. The source endpoints are the last weekly observations, not exact month-end dates.",Positive is a draw; negative is a build. Commercial total excludes SPR.,"U.S. is a high-frequency illustration, not the global emergency/commercial split."
inventory-202603-china-crude,monthly_channel,2026-03-01,2026-03-31,2026-03,commercial_or_state_inventory,China crude tank draw rate,China,-1.290323,,,mb/d,,,,,preliminary_observation,medium,https://www.iea.org/reports/oil-market-report-july-2026,china-march-tanks,"IEA tank-change estimate divided by days; positive is draw, negative is build.",China built 40 mb in March and drew 41 mb in June; April-May are missing from the public project series.,"Ownership is unresolved among government, commercial/operational, bonded, and other stocks."
inventory-202604-global-total,monthly_channel,2026-04-01,2026-04-30,2026-04,inventory,Global observed total stock draw rate,World,3.9,,,mb/d,,,,,preliminary_estimate,medium,https://www.iea.org/reports/oil-market-report-may-2026,iea_may_apr_inventory,"Negative of IEA monthly stock change divided by calendar days; positive means draw, negative means build.",The total balance flips from a 2.35 mb/d draw in May to a 0.70 mb/d build in June.,Includes oil on water. The June flip is not evidence that consumer tanks rebuilt.
inventory-202604-global-onshore,monthly_channel,2026-04-01,2026-04-30,2026-04,inventory_timing,Global onshore stock draw rate,World,5.666667,,,mb/d,,,,,preliminary_estimate,medium,https://www.iea.org/reports/oil-market-report-may-2026,iea_may_apr_onland,IEA monthly volume divided by calendar days; blank where no matching public component is available.,Positive means onshore tanks continued to supply the market.,"Component coverage is incomplete across months, so April-to-June comparisons are descriptive, not a continuous panel."
inventory-202604-global-water,monthly_channel,2026-04-01,2026-04-30,2026-04,inventory_timing,Global oil-on-water accumulation rate,World,1.766667,,,mb/d,,,,,preliminary_estimate,medium,https://www.iea.org/reports/oil-market-report-may-2026,iea_may_apr_water,IEA monthly volume divided by calendar days; blank where no matching public component is available.,"Positive means barrels entered the in-transit/floating bucket, not end-user tanks.","Component coverage is incomplete across months, so April-to-June comparisons are descriptive, not a continuous panel."
inventory-202604-us-spr,monthly_channel,2026-04-01,2026-04-30,2026-04,emergency_inventory,U.S. SPR draw rate,United States,0.571333,,,mb/d,,,,,weekly_observed,high,https://www.eia.gov/dnav/pet/hist/LeafHandler.ashx?f=W&n=PET&s=WCSSTUS1,us-spr-actual-202604,"Observed project monthly draw divided by calendar days. The source endpoints are the last weekly observations, not exact month-end dates.",Positive is a draw; negative is a build. Commercial total excludes SPR.,"U.S. is a high-frequency illustration, not the global emergency/commercial split."
inventory-202604-us-commercial_total,monthly_channel,2026-04-01,2026-04-30,2026-04,commercial_inventory,U.S. total commercial petroleum stock draw rate,United States,0.880367,,,mb/d,,,,,weekly_observed,high,https://www.eia.gov/dnav/pet/hist/LeafHandler.ashx?f=W&n=PET&s=WTESTUS1,us-commercial_total-actual-202604,"Observed project monthly draw divided by calendar days. The source endpoints are the last weekly observations, not exact month-end dates.",Positive is a draw; negative is a build. Commercial total excludes SPR.,"U.S. is a high-frequency illustration, not the global emergency/commercial split."
inventory-202604-china-crude,monthly_channel,2026-04-01,2026-04-30,2026-04,commercial_or_state_inventory,China crude tank draw rate,China,,,,mb/d,,,,,not_publicly_reported_in_project_input,none,https://www.iea.org/reports/oil-market-report-july-2026,,"IEA tank-change estimate divided by days; positive is draw, negative is build.",China built 40 mb in March and drew 41 mb in June; April-May are missing from the public project series.,"Ownership is unresolved among government, commercial/operational, bonded, and other stocks."
inventory-202605-global-total,monthly_channel,2026-05-01,2026-05-31,2026-05,inventory,Global observed total stock draw rate,World,2.354839,,,mb/d,,,,,revised_preliminary_estimate,medium_high,https://www.iea.org/reports/oil-market-report-july-2026,iea_jul_may_inventory,"Negative of IEA monthly stock change divided by calendar days; positive means draw, negative means build.",The total balance flips from a 2.35 mb/d draw in May to a 0.70 mb/d build in June.,Includes oil on water. The June flip is not evidence that consumer tanks rebuilt.
inventory-202605-global-onshore,monthly_channel,2026-05-01,2026-05-31,2026-05,inventory_timing,Global onshore stock draw rate,World,,,,mb/d,,,,,not_publicly_reported_in_project_input,none,https://www.iea.org/reports/oil-market-report-july-2026,,IEA monthly volume divided by calendar days; blank where no matching public component is available.,Positive means onshore tanks continued to supply the market.,"Component coverage is incomplete across months, so April-to-June comparisons are descriptive, not a continuous panel."
inventory-202605-global-water,monthly_channel,2026-05-01,2026-05-31,2026-05,inventory_timing,Global oil-on-water accumulation rate,World,,,,mb/d,,,,,not_publicly_reported_in_project_input,none,https://www.iea.org/reports/oil-market-report-july-2026,,IEA monthly volume divided by calendar days; blank where no matching public component is available.,"Positive means barrels entered the in-transit/floating bucket, not end-user tanks.","Component coverage is incomplete across months, so April-to-June comparisons are descriptive, not a continuous panel."
inventory-202605-us-spr,monthly_channel,2026-05-01,2026-05-31,2026-05,emergency_inventory,U.S. SPR draw rate,United States,1.31629,,,mb/d,,,,,weekly_observed,high,https://www.eia.gov/dnav/pet/hist/LeafHandler.ashx?f=W&n=PET&s=WCSSTUS1,us-spr-actual-202605,"Observed project monthly draw divided by calendar days. The source endpoints are the last weekly observations, not exact month-end dates.",Positive is a draw; negative is a build. Commercial total excludes SPR.,"U.S. is a high-frequency illustration, not the global emergency/commercial split."
inventory-202605-us-commercial_total,monthly_channel,2026-05-01,2026-05-31,2026-05,commercial_inventory,U.S. total commercial petroleum stock draw rate,United States,0.994742,,,mb/d,,,,,weekly_observed,high,https://www.eia.gov/dnav/pet/hist/LeafHandler.ashx?f=W&n=PET&s=WTESTUS1,us-commercial_total-actual-202605,"Observed project monthly draw divided by calendar days. The source endpoints are the last weekly observations, not exact month-end dates.",Positive is a draw; negative is a build. Commercial total excludes SPR.,"U.S. is a high-frequency illustration, not the global emergency/commercial split."
inventory-202605-china-crude,monthly_channel,2026-05-01,2026-05-31,2026-05,commercial_or_state_inventory,China crude tank draw rate,China,,,,mb/d,,,,,not_publicly_reported_in_project_input,none,https://www.iea.org/reports/oil-market-report-july-2026,,"IEA tank-change estimate divided by days; positive is draw, negative is build.",China built 40 mb in March and drew 41 mb in June; April-May are missing from the public project series.,"Ownership is unresolved among government, commercial/operational, bonded, and other stocks."
inventory-202606-global-total,monthly_channel,2026-06-01,2026-06-30,2026-06,inventory,Global observed total stock draw rate,World,-0.7,,,mb/d,2.354839,-3.054839,3.054839,,preliminary_estimate,medium_high,https://www.iea.org/reports/oil-market-report-july-2026,iea_jul_jun_inventory,"Negative of IEA monthly stock change divided by calendar days; positive means draw, negative means build.",The total balance flips from a 2.35 mb/d draw in May to a 0.70 mb/d build in June.,Includes oil on water. The June flip is not evidence that consumer tanks rebuilt.
inventory-202606-global-onshore,monthly_channel,2026-06-01,2026-06-30,2026-06,inventory_timing,Global onshore stock draw rate,World,3.2,,,mb/d,,,,,preliminary_estimate,medium,https://www.iea.org/reports/oil-market-report-july-2026,iea_jul_jun_onshore,IEA monthly volume divided by calendar days; blank where no matching public component is available.,Positive means onshore tanks continued to supply the market.,"Component coverage is incomplete across months, so April-to-June comparisons are descriptive, not a continuous panel."
inventory-202606-global-water,monthly_channel,2026-06-01,2026-06-30,2026-06,inventory_timing,Global oil-on-water accumulation rate,World,3.9,,,mb/d,,,,,preliminary_estimate,medium,https://www.iea.org/reports/oil-market-report-july-2026,iea_jul_jun_water,IEA monthly volume divided by calendar days; blank where no matching public component is available.,"Positive means barrels entered the in-transit/floating bucket, not end-user tanks.","Component coverage is incomplete across months, so April-to-June comparisons are descriptive, not a continuous panel."
inventory-202606-us-spr,monthly_channel,2026-06-01,2026-06-30,2026-06,emergency_inventory,U.S. SPR draw rate,United States,1.0488,,,mb/d,1.31629,-0.26749,0.26749,,weekly_observed,high,https://www.eia.gov/dnav/pet/hist/LeafHandler.ashx?f=W&n=PET&s=WCSSTUS1,us-spr-actual-202606,"Observed project monthly draw divided by calendar days. The source endpoints are the last weekly observations, not exact month-end dates.",Positive is a draw; negative is a build. Commercial total excludes SPR.,"U.S. is a high-frequency illustration, not the global emergency/commercial split."
inventory-202606-us-commercial_total,monthly_channel,2026-06-01,2026-06-30,2026-06,commercial_inventory,U.S. total commercial petroleum stock draw rate,United States,0.4927,,,mb/d,0.994742,-0.502042,0.502042,,weekly_observed,high,https://www.eia.gov/dnav/pet/hist/LeafHandler.ashx?f=W&n=PET&s=WTESTUS1,us-commercial_total-actual-202606,"Observed project monthly draw divided by calendar days. The source endpoints are the last weekly observations, not exact month-end dates.",Positive is a draw; negative is a build. Commercial total excludes SPR.,"U.S. is a high-frequency illustration, not the global emergency/commercial split."
inventory-202606-china-crude,monthly_channel,2026-06-01,2026-06-30,2026-06,commercial_or_state_inventory,China crude tank draw rate,China,1.366667,,,mb/d,,,,,preliminary_observation,medium,https://www.iea.org/reports/oil-market-report-july-2026,china-june-tanks,"IEA tank-change estimate divided by days; positive is draw, negative is build.",China built 40 mb in March and drew 41 mb in June; April-May are missing from the public project series.,"Ownership is unresolved among government, commercial/operational, bonded, and other stocks."
inventory-202606-oecd-government,monthly_channel,2026-06-01,2026-06-30,2026-06,emergency_inventory,OECD government stock release rate,OECD,1.466667,,,mb/d,,,,,IEA_preliminary_estimate,medium_high,https://www.iea.org/reports/oil-market-report-july-2026,iea_jul_jun_onshore,IEA reported 44 mb of OECD government releases in June; divided by 30 days.,Emergency releases continued at 1.47 mb/d even after reopening began.,Government release is inside the OECD and global observed-stock totals; never add it to those totals.
inventory-japan-20260301-20260430-observed,period_channel,2026-03-01,2026-04-30,,emergency_inventory,Japan emergency and obligated-industry net stock draw,Japan,0.963063,,,mb/d,,,,,official_monthly_endpoint_net_change,medium_high,https://www.enecho.meti.go.jp/statistics/petroleum_and_lpgas/pl001/pdf/2026/260415oil.pdf | https://www.enecho.meti.go.jp/statistics/petroleum_and_lpgas/pl001/pdf/2026/260615oil.pdf,japan_national_draw_to_2026-04-30 | japan_private_draw_to_2026-04-30 | japan_producer_joint_draw_to_2026-04-30,"National, private and producer-joint net draws total 58.747 mb from February 28 to April 30; divide by 61 days.",Japan was still drawing multiple reserve categories through April; public direct-volume monthly endpoints do not yet provide a clean May-to-June reversal.,"Period average, not separately observed March and April delivery; net stock change is not gross programme delivery."
refining-202603-china-actual,monthly_channel,2026-03-01,2026-03-31,2026-03,refining,China crude processing,China,,,,mb/d_oil_equivalent,,,,,not_available,none,https://www.stats.gov.cn/english/,,Official NBS monthly tonnes converted at the project central 7.33 bbl/tonne factor and divided by days.,Actual runs fell from 13.35 mb/d in April to 12.52 mb/d in June despite the late-June reopening.,Conversion is approximate and actual runs are not the same as final domestic consumption.
refining-202603-china-yoy-gap,monthly_channel,2026-03-01,2026-03-31,2026-03,refining,China refinery throughput below prior year,China,,,,mb/d_oil_equivalent,,,,,not_available,none,https://www.stats.gov.cn/english/,,Existing official year-on-year shortfall converted to a daily rate.,The gap widened sharply in June; China refining did not reveal a same-month relaxation.,"Year-on-year comparison includes ordinary trends, export decisions and macro effects, and is not a February-forecast counterfactual."
refining-202603-korea,monthly_channel,2026-03-01,2026-03-31,2026-03,refining,South Korea refinery crude runs,South Korea,,,,mb/d,,,,,not_publicly_reported_in_project_input,none,https://www.kpler.com/blog/drawing-down-how-the-market-is-absorbing-the-hormuz-shock-2,,"Kpler estimated runs at roughly 2 mb/d in April and May, nearly 1 mb/d below normal; blank where the project has no comparable month estimate.",Korea's available series confirms deep refinery curtailment but cannot show whether it relaxed in June.,"Rounded analyst estimate, not an official monthly series; products, exports and stock use prevent equating run cuts with end demand."
demand-202603-patc_world,monthly_channel,2026-03-01,2026-03-31,2026-03,demand,Consumption below frozen February forecast,World,1.303611,,,mb/d,,,,,forecast_revision_preliminary,medium_high,https://www.eia.gov/outlooks/steo/archives/feb26_base.xlsx | https://www.eia.gov/outlooks/steo/archives/jul26_base.xlsx,demand-patc_world-202603,Existing February-minus-July STEO monthly gap divided by calendar days.,Positive is lower consumption than the pre-shock forecast path.,"Forecast-vintage revision includes Hormuz, ordinary revisions, weather, macro changes, prices and structural trends; it is not a causal treatment effect."
demand-202603-patc_ch,monthly_channel,2026-03-01,2026-03-31,2026-03,demand,Consumption below frozen February forecast,China,0.101596,,,mb/d,,,,,forecast_revision_preliminary,medium_high,https://www.eia.gov/outlooks/steo/archives/feb26_base.xlsx | https://www.eia.gov/outlooks/steo/archives/jul26_base.xlsx,demand-patc_ch-202603,Existing February-minus-July STEO monthly gap divided by calendar days.,Positive is lower consumption than the pre-shock forecast path.,"Forecast-vintage revision includes Hormuz, ordinary revisions, weather, macro changes, prices and structural trends; it is not a causal treatment effect."
demand-202603-patc_in,monthly_channel,2026-03-01,2026-03-31,2026-03,demand,Consumption below frozen February forecast,India,0.115946,,,mb/d,,,,,forecast_revision_preliminary,medium_high,https://www.eia.gov/outlooks/steo/archives/feb26_base.xlsx | https://www.eia.gov/outlooks/steo/archives/jul26_base.xlsx,demand-patc_in-202603,Existing February-minus-July STEO monthly gap divided by calendar days.,Positive is lower consumption than the pre-shock forecast path.,"Forecast-vintage revision includes Hormuz, ordinary revisions, weather, macro changes, prices and structural trends; it is not a causal treatment effect."
demand-202603-patc_ja,monthly_channel,2026-03-01,2026-03-31,2026-03,demand,Consumption below frozen February forecast,Japan,0.141107,,,mb/d,,,,,forecast_revision_preliminary,medium_high,https://www.eia.gov/outlooks/steo/archives/feb26_base.xlsx | https://www.eia.gov/outlooks/steo/archives/jul26_base.xlsx,demand-patc_ja-202603,Existing February-minus-July STEO monthly gap divided by calendar days.,Positive is lower consumption than the pre-shock forecast path.,"Forecast-vintage revision includes Hormuz, ordinary revisions, weather, macro changes, prices and structural trends; it is not a causal treatment effect."
refining-202604-china-actual,monthly_channel,2026-04-01,2026-04-30,2026-04,refining,China crude processing,China,13.352817,,,mb/d_oil_equivalent,,,,,official_year_on_year_observation_converted,medium_high,https://www.stats.gov.cn/english/PressRelease/202605/t20260519_1963756.html,china-refinery-run-shortfall-202604,Official NBS monthly tonnes converted at the project central 7.33 bbl/tonne factor and divided by days.,Actual runs fell from 13.35 mb/d in April to 12.52 mb/d in June despite the late-June reopening.,Conversion is approximate and actual runs are not the same as final domestic consumption.
refining-202604-china-yoy-gap,monthly_channel,2026-04-01,2026-04-30,2026-04,refining,China refinery throughput below prior year,China,0.822148,,,mb/d_oil_equivalent,,,,,official_year_on_year_observation_converted,medium_high,https://www.stats.gov.cn/english/PressRelease/202605/t20260519_1963756.html,china-refinery-run-shortfall-202604,Existing official year-on-year shortfall converted to a daily rate.,The gap widened sharply in June; China refining did not reveal a same-month relaxation.,"Year-on-year comparison includes ordinary trends, export decisions and macro effects, and is not a February-forecast counterfactual."
refining-202604-korea,monthly_channel,2026-04-01,2026-04-30,2026-04,refining,South Korea refinery crude runs,South Korea,2,,,mb/d,,,,,analyst_rounded_estimate,low_medium,https://www.kpler.com/blog/drawing-down-how-the-market-is-absorbing-the-hormuz-shock-2,,"Kpler estimated runs at roughly 2 mb/d in April and May, nearly 1 mb/d below normal; blank where the project has no comparable month estimate.",Korea's available series confirms deep refinery curtailment but cannot show whether it relaxed in June.,"Rounded analyst estimate, not an official monthly series; products, exports and stock use prevent equating run cuts with end demand."
demand-202604-patc_world,monthly_channel,2026-04-01,2026-04-30,2026-04,demand,Consumption below frozen February forecast,World,4.179495,,,mb/d,,,,,forecast_revision_preliminary,medium_high,https://www.eia.gov/outlooks/steo/archives/feb26_base.xlsx | https://www.eia.gov/outlooks/steo/archives/jul26_base.xlsx,demand-patc_world-202604,Existing February-minus-July STEO monthly gap divided by calendar days.,Positive is lower consumption than the pre-shock forecast path.,"Forecast-vintage revision includes Hormuz, ordinary revisions, weather, macro changes, prices and structural trends; it is not a causal treatment effect."
demand-202604-patc_ch,monthly_channel,2026-04-01,2026-04-30,2026-04,demand,Consumption below frozen February forecast,China,0.981169,,,mb/d,,,,,forecast_revision_preliminary,medium_high,https://www.eia.gov/outlooks/steo/archives/feb26_base.xlsx | https://www.eia.gov/outlooks/steo/archives/jul26_base.xlsx,demand-patc_ch-202604,Existing February-minus-July STEO monthly gap divided by calendar days.,Positive is lower consumption than the pre-shock forecast path.,"Forecast-vintage revision includes Hormuz, ordinary revisions, weather, macro changes, prices and structural trends; it is not a causal treatment effect."
demand-202604-patc_in,monthly_channel,2026-04-01,2026-04-30,2026-04,demand,Consumption below frozen February forecast,India,0.340027,,,mb/d,,,,,forecast_revision_preliminary,medium_high,https://www.eia.gov/outlooks/steo/archives/feb26_base.xlsx | https://www.eia.gov/outlooks/steo/archives/jul26_base.xlsx,demand-patc_in-202604,Existing February-minus-July STEO monthly gap divided by calendar days.,Positive is lower consumption than the pre-shock forecast path.,"Forecast-vintage revision includes Hormuz, ordinary revisions, weather, macro changes, prices and structural trends; it is not a causal treatment effect."
demand-202604-patc_ja,monthly_channel,2026-04-01,2026-04-30,2026-04,demand,Consumption below frozen February forecast,Japan,0.15766,,,mb/d,,,,,forecast_revision_preliminary,medium_high,https://www.eia.gov/outlooks/steo/archives/feb26_base.xlsx | https://www.eia.gov/outlooks/steo/archives/jul26_base.xlsx,demand-patc_ja-202604,Existing February-minus-July STEO monthly gap divided by calendar days.,Positive is lower consumption than the pre-shock forecast path.,"Forecast-vintage revision includes Hormuz, ordinary revisions, weather, macro changes, prices and structural trends; it is not a causal treatment effect."
refining-202605-china-actual,monthly_channel,2026-05-01,2026-05-31,2026-05,refining,China crude processing,China,12.702181,,,mb/d_oil_equivalent,,,,,official_year_on_year_observation_converted,medium_high,https://www.stats.gov.cn/english/PressRelease/202606/t20260617_1963970.html,china-refinery-run-shortfall-202605,Official NBS monthly tonnes converted at the project central 7.33 bbl/tonne factor and divided by days.,Actual runs fell from 13.35 mb/d in April to 12.52 mb/d in June despite the late-June reopening.,Conversion is approximate and actual runs are not the same as final domestic consumption.
refining-202605-china-yoy-gap,monthly_channel,2026-05-01,2026-05-31,2026-05,refining,China refinery throughput below prior year,China,1.271615,,,mb/d_oil_equivalent,,,,,official_year_on_year_observation_converted,medium_high,https://www.stats.gov.cn/english/PressRelease/202606/t20260617_1963970.html,china-refinery-run-shortfall-202605,Existing official year-on-year shortfall converted to a daily rate.,The gap widened sharply in June; China refining did not reveal a same-month relaxation.,"Year-on-year comparison includes ordinary trends, export decisions and macro effects, and is not a February-forecast counterfactual."
refining-202605-korea,monthly_channel,2026-05-01,2026-05-31,2026-05,refining,South Korea refinery crude runs,South Korea,2,,,mb/d,,,,,analyst_rounded_estimate,low_medium,https://www.kpler.com/blog/drawing-down-how-the-market-is-absorbing-the-hormuz-shock-2,,"Kpler estimated runs at roughly 2 mb/d in April and May, nearly 1 mb/d below normal; blank where the project has no comparable month estimate.",Korea's available series confirms deep refinery curtailment but cannot show whether it relaxed in June.,"Rounded analyst estimate, not an official monthly series; products, exports and stock use prevent equating run cuts with end demand."
demand-202605-patc_world,monthly_channel,2026-05-01,2026-05-31,2026-05,demand,Consumption below frozen February forecast,World,4.528958,,,mb/d,,,,,forecast_revision_preliminary,medium_high,https://www.eia.gov/outlooks/steo/archives/feb26_base.xlsx | https://www.eia.gov/outlooks/steo/archives/jul26_base.xlsx,demand-patc_world-202605,Existing February-minus-July STEO monthly gap divided by calendar days.,Positive is lower consumption than the pre-shock forecast path.,"Forecast-vintage revision includes Hormuz, ordinary revisions, weather, macro changes, prices and structural trends; it is not a causal treatment effect."
demand-202605-patc_ch,monthly_channel,2026-05-01,2026-05-31,2026-05,demand,Consumption below frozen February forecast,China,0.959771,,,mb/d,,,,,forecast_revision_preliminary,medium_high,https://www.eia.gov/outlooks/steo/archives/feb26_base.xlsx | https://www.eia.gov/outlooks/steo/archives/jul26_base.xlsx,demand-patc_ch-202605,Existing February-minus-July STEO monthly gap divided by calendar days.,Positive is lower consumption than the pre-shock forecast path.,"Forecast-vintage revision includes Hormuz, ordinary revisions, weather, macro changes, prices and structural trends; it is not a causal treatment effect."
demand-202605-patc_in,monthly_channel,2026-05-01,2026-05-31,2026-05,demand,Consumption below frozen February forecast,India,0.335919,,,mb/d,,,,,forecast_revision_preliminary,medium_high,https://www.eia.gov/outlooks/steo/archives/feb26_base.xlsx | https://www.eia.gov/outlooks/steo/archives/jul26_base.xlsx,demand-patc_in-202605,Existing February-minus-July STEO monthly gap divided by calendar days.,Positive is lower consumption than the pre-shock forecast path.,"Forecast-vintage revision includes Hormuz, ordinary revisions, weather, macro changes, prices and structural trends; it is not a causal treatment effect."
demand-202605-patc_ja,monthly_channel,2026-05-01,2026-05-31,2026-05,demand,Consumption below frozen February forecast,Japan,0.121757,,,mb/d,,,,,forecast_revision_preliminary,medium_high,https://www.eia.gov/outlooks/steo/archives/feb26_base.xlsx | https://www.eia.gov/outlooks/steo/archives/jul26_base.xlsx,demand-patc_ja-202605,Existing February-minus-July STEO monthly gap divided by calendar days.,Positive is lower consumption than the pre-shock forecast path.,"Forecast-vintage revision includes Hormuz, ordinary revisions, weather, macro changes, prices and structural trends; it is not a causal treatment effect."
refining-202606-china-actual,monthly_channel,2026-06-01,2026-06-30,2026-06,refining,China crude processing,China,12.51964,,,mb/d_oil_equivalent,,,,,official_year_on_year_observation_converted,medium_high,https://www.stats.gov.cn/english/PressRelease/202607/t20260717_1964155.html,china-refinery-run-shortfall-202606,Official NBS monthly tonnes converted at the project central 7.33 bbl/tonne factor and divided by days.,Actual runs fell from 13.35 mb/d in April to 12.52 mb/d in June despite the late-June reopening.,Conversion is approximate and actual runs are not the same as final domestic consumption.
refining-202606-china-yoy-gap,monthly_channel,2026-06-01,2026-06-30,2026-06,refining,China refinery throughput below prior year,China,2.692559,,,mb/d_oil_equivalent,1.271615,1.420944,-1.420944,,official_year_on_year_observation_converted,medium_high,https://www.stats.gov.cn/english/PressRelease/202607/t20260717_1964155.html,china-refinery-run-shortfall-202606,Existing official year-on-year shortfall converted to a daily rate.,The gap widened sharply in June; China refining did not reveal a same-month relaxation.,"Year-on-year comparison includes ordinary trends, export decisions and macro effects, and is not a February-forecast counterfactual."
refining-202606-korea,monthly_channel,2026-06-01,2026-06-30,2026-06,refining,South Korea refinery crude runs,South Korea,,,,mb/d,,,,,not_publicly_reported_in_project_input,none,https://www.kpler.com/blog/drawing-down-how-the-market-is-absorbing-the-hormuz-shock-2,,"Kpler estimated runs at roughly 2 mb/d in April and May, nearly 1 mb/d below normal; blank where the project has no comparable month estimate.",Korea's available series confirms deep refinery curtailment but cannot show whether it relaxed in June.,"Rounded analyst estimate, not an official monthly series; products, exports and stock use prevent equating run cuts with end demand."
demand-202606-patc_world,monthly_channel,2026-06-01,2026-06-30,2026-06,demand,Consumption below frozen February forecast,World,4.434464,,,mb/d,4.528958,-0.094494,0.094494,,forecast_revision_preliminary,medium_high,https://www.eia.gov/outlooks/steo/archives/feb26_base.xlsx | https://www.eia.gov/outlooks/steo/archives/jul26_base.xlsx,demand-patc_world-202606,Existing February-minus-July STEO monthly gap divided by calendar days.,Positive is lower consumption than the pre-shock forecast path.,"Forecast-vintage revision includes Hormuz, ordinary revisions, weather, macro changes, prices and structural trends; it is not a causal treatment effect."
demand-202606-patc_ch,monthly_channel,2026-06-01,2026-06-30,2026-06,demand,Consumption below frozen February forecast,China,0.953524,,,mb/d,0.959771,-0.006247,0.006247,,forecast_revision_preliminary,medium_high,https://www.eia.gov/outlooks/steo/archives/feb26_base.xlsx | https://www.eia.gov/outlooks/steo/archives/jul26_base.xlsx,demand-patc_ch-202606,Existing February-minus-July STEO monthly gap divided by calendar days.,Positive is lower consumption than the pre-shock forecast path.,"Forecast-vintage revision includes Hormuz, ordinary revisions, weather, macro changes, prices and structural trends; it is not a causal treatment effect."
demand-202606-patc_in,monthly_channel,2026-06-01,2026-06-30,2026-06,demand,Consumption below frozen February forecast,India,0.311034,,,mb/d,0.335919,-0.024885,0.024885,,forecast_revision_preliminary,medium_high,https://www.eia.gov/outlooks/steo/archives/feb26_base.xlsx | https://www.eia.gov/outlooks/steo/archives/jul26_base.xlsx,demand-patc_in-202606,Existing February-minus-July STEO monthly gap divided by calendar days.,Positive is lower consumption than the pre-shock forecast path.,"Forecast-vintage revision includes Hormuz, ordinary revisions, weather, macro changes, prices and structural trends; it is not a causal treatment effect."
demand-202606-patc_ja,monthly_channel,2026-06-01,2026-06-30,2026-06,demand,Consumption below frozen February forecast,Japan,0.111738,,,mb/d,0.121757,-0.010019,0.010019,,forecast_revision_preliminary,medium_high,https://www.eia.gov/outlooks/steo/archives/feb26_base.xlsx | https://www.eia.gov/outlooks/steo/archives/jul26_base.xlsx,demand-patc_ja-202606,Existing February-minus-July STEO monthly gap divided by calendar days.,Positive is lower consumption than the pre-shock forecast path.,"Forecast-vintage revision includes Hormuz, ordinary revisions, weather, macro changes, prices and structural trends; it is not a causal treatment effect."
refining-202606-global-mom,monthly_channel,2026-06-01,2026-06-30,2026-06,refining,Global refinery crude throughput change month on month,World,1.5,,,mb/d,,,,,IEA_preliminary_estimate,medium_high,https://www.iea.org/reports/oil-market-report-july-2026,iea_jul_jun_runs_change,Direct IEA July OMR headline.,"The clearest same-month downstream relaxation, but runs remained 6 mb/d below June 2025 and Asia stayed reduced.","Global aggregate is concurrent with Russian refinery attacks, seasonality and a late-month reopening."
procurement-202605-japan,monthly_channel,2026-05-01,2026-05-31,2026-05,procurement,Japan crude procurement recovery proxy,Japan,60,,,percent,,,,,official_forward_or_contemporaneous_estimate,medium_high,https://www.meti.go.jp/english/press/2026/0515_003.html,,Direct METI statement.,METI estimated alternative procurement at about 60% of the volume that otherwise would have crossed Hormuz.,May and June statements use related but not identical denominators; treat the direction as stronger than the exact change.
procurement-202606-japan,monthly_channel,2026-06-01,2026-06-30,2026-06,procurement,Japan crude procurement recovery proxy,Japan,80,,,percent,,,,,official_forward_or_contemporaneous_estimate,medium_high,https://www.meti.go.jp/press/2026/06/20260615004/20260615004.html,,Direct METI statement.,METI expected procurement at about 80% of the prior-year normal-month level and extended private-stock relief.,May and June statements use related but not identical denominators; treat the direction as stronger than the exact change.
sensitivity-june-hormuz-low-flow,flow_inference_sensitivity,2026-06-01,2026-06-30,2026-06,physical_flow,June inferred Hormuz oil flow,Strait of Hormuz,8.2,8.2,9.6,mb/d,2.7,5.5,5.5,,project_sensitivity,low_medium,https://www.iea.org/reports/oil-market-report-july-2026,hormuz_2026-06_oil_flow,Hold IEA total Gulf exports at 16.1 mb/d and vary June bypass from 7.9/7.2/6.5; Hormuz=8.2 mb/d.,The inferred Hormuz-flow relief versus the 2.7 mb/d March-May period average is 5.5 mb/d (165 mb in June).,"The +/-0.7 mb/d bypass range is a transparent project judgment, not a statistical confidence interval."
sensitivity-june-hormuz-base,flow_inference_sensitivity,2026-06-01,2026-06-30,2026-06,physical_flow,June inferred Hormuz oil flow,Strait of Hormuz,8.9,8.2,9.6,mb/d,2.7,6.2,6.2,,project_sensitivity,low_medium,https://www.iea.org/reports/oil-market-report-july-2026,hormuz_2026-06_oil_flow,Hold IEA total Gulf exports at 16.1 mb/d and vary June bypass from 7.9/7.2/6.5; Hormuz=8.9 mb/d.,The inferred Hormuz-flow relief versus the 2.7 mb/d March-May period average is 6.2 mb/d (186 mb in June).,"The +/-0.7 mb/d bypass range is a transparent project judgment, not a statistical confidence interval."
sensitivity-june-hormuz-high-flow,flow_inference_sensitivity,2026-06-01,2026-06-30,2026-06,physical_flow,June inferred Hormuz oil flow,Strait of Hormuz,9.6,8.2,9.6,mb/d,2.7,6.9,6.9,,project_sensitivity,low_medium,https://www.iea.org/reports/oil-market-report-july-2026,hormuz_2026-06_oil_flow,Hold IEA total Gulf exports at 16.1 mb/d and vary June bypass from 7.9/7.2/6.5; Hormuz=9.6 mb/d.,The inferred Hormuz-flow relief versus the 2.7 mb/d March-May period average is 6.9 mb/d (207 mb in June).,"The +/-0.7 mb/d bypass range is a transparent project judgment, not a statistical confidence interval."
rejected-capacity-map-june-01-07,flow_mapping_diagnostic,2026-06-01,2026-06-07,,traffic,Rejected capacity-proportional implied Hormuz flow,Strait of Hormuz,0.379648,,,mb/d,,,,,rejected_diagnostic,none_for_flow,https://portwatch.imf.org/pages/data-and-methodology | https://www.iea.org/reports/oil-market-report-july-2026,timing-june-01-07-june-capacity-share | hormuz_2026-06_oil_flow,Allocate the 267 mb June base inference in proportion to PortWatch tanker-capacity proxy within June.,"Diagnostic only. Taken together, the mapping assigns about 22.9 mb/d to June 22-30, above the roughly 20 mb/d pre-war flow; that implausible concentration shows why mechanical within-month capacity mapping is rejected.","Rejected method: vessel size, direction, loading, AIS coverage, queued exits and timing differ."
rejected-capacity-map-june-08-14,flow_mapping_diagnostic,2026-06-08,2026-06-14,,traffic,Rejected capacity-proportional implied Hormuz flow,Strait of Hormuz,0.497286,,,mb/d,,,,,rejected_diagnostic,none_for_flow,https://portwatch.imf.org/pages/data-and-methodology | https://www.iea.org/reports/oil-market-report-july-2026,timing-june-08-14-june-capacity-share | hormuz_2026-06_oil_flow,Allocate the 267 mb June base inference in proportion to PortWatch tanker-capacity proxy within June.,"Diagnostic only. Taken together, the mapping assigns about 22.9 mb/d to June 22-30, above the roughly 20 mb/d pre-war flow; that implausible concentration shows why mechanical within-month capacity mapping is rejected.","Rejected method: vessel size, direction, loading, AIS coverage, queued exits and timing differ."
rejected-capacity-map-june-15-21,flow_mapping_diagnostic,2026-06-15,2026-06-21,,traffic,Rejected capacity-proportional implied Hormuz flow,Strait of Hormuz,7.847216,,,mb/d,,,,,rejected_diagnostic,none_for_flow,https://portwatch.imf.org/pages/data-and-methodology | https://www.iea.org/reports/oil-market-report-july-2026,timing-june-15-21-june-capacity-share | hormuz_2026-06_oil_flow,Allocate the 267 mb June base inference in proportion to PortWatch tanker-capacity proxy within June.,"Diagnostic only. Taken together, the mapping assigns about 22.9 mb/d to June 22-30, above the roughly 20 mb/d pre-war flow; that implausible concentration shows why mechanical within-month capacity mapping is rejected.","Rejected method: vessel size, direction, loading, AIS coverage, queued exits and timing differ."
rejected-capacity-map-june-22-30,flow_mapping_diagnostic,2026-06-22,2026-06-30,,traffic,Rejected capacity-proportional implied Hormuz flow,Strait of Hormuz,22.881216,,,mb/d,,,,,rejected_diagnostic,none_for_flow,https://portwatch.imf.org/pages/data-and-methodology | https://www.iea.org/reports/oil-market-report-july-2026,timing-june-22-30-june-capacity-share | hormuz_2026-06_oil_flow,Allocate the 267 mb June base inference in proportion to PortWatch tanker-capacity proxy within June.,"Diagnostic only. Taken together, the mapping assigns about 22.9 mb/d to June 22-30, above the roughly 20 mb/d pre-war flow; that implausible concentration shows why mechanical within-month capacity mapping is rejected.","Rejected method: vessel size, direction, loading, AIS coverage, queued exits and timing differ."
ordering-1,revealed_ordering,2026-05-01,2026-06-30,,coping_channel,Global refinery-run rebound,Diagnostic scope,1.5,,,mb/d,,,1.5,1,suggestive_project_diagnostic,low_medium,https://www.iea.org/reports/oil-market-report-july-2026 | data/derived/hormuz_m8q_8_country_stocks_demand_ledger.csv,See matching monthly-channel rows in this file.,Rank measured May-to-June reductions in coping-channel intensity; exclude the exogenous transit/production reopening and the global total-stock flip distorted by oil on water.,"The clearest true downstream relaxation: global runs rose 1.5 mb/d month on month, though they remained 6 mb/d below June 2025.","Not a structural cost curve: one back-loaded month, delivery lags, seasonality, heterogeneous geographies and concurrent shocks prevent causal ranking."
ordering-2,revealed_ordering,2026-05-01,2026-06-30,,coping_channel,U.S. public plus commercial stock-draw slowdown,Diagnostic scope,0.769532,,,mb/d,,,0.769532,2,suggestive_project_diagnostic,low_medium,https://www.iea.org/reports/oil-market-report-july-2026 | data/derived/hormuz_m8q_8_country_stocks_demand_ledger.csv,See matching monthly-channel rows in this file.,Rank measured May-to-June reductions in coping-channel intensity; exclude the exogenous transit/production reopening and the global total-stock flip distorted by oil on water.,An illustrative high-frequency stock panel: SPR draw slowed about 0.27 mb/d and commercial-total draw about 0.50 mb/d.,"Not a structural cost curve: one back-loaded month, delivery lags, seasonality, heterogeneous geographies and concurrent shocks prevent causal ranking."
ordering-3,revealed_ordering,2026-05-01,2026-06-30,,coping_channel,Global demand-gap easing,Diagnostic scope,0.094494,,,mb/d,,,0.094494,3,suggestive_project_diagnostic,low_medium,https://www.iea.org/reports/oil-market-report-july-2026 | data/derived/hormuz_m8q_8_country_stocks_demand_ledger.csv,See matching monthly-channel rows in this file.,Rank measured May-to-June reductions in coping-channel intensity; exclude the exogenous transit/production reopening and the global total-stock flip distorted by oil on water.,"The frozen-vintage world demand gap eased only about 0.09 mb/d from May; China, India and Japan each changed by less than 0.03 mb/d.","Not a structural cost curve: one back-loaded month, delivery lags, seasonality, heterogeneous geographies and concurrent shocks prevent causal ranking."
ordering-4,revealed_ordering,2026-05-01,2026-06-30,,coping_channel,Bypass-route relaxation,Diagnostic scope,0,,,mb/d,,,0,4,suggestive_project_diagnostic,low_medium,https://www.iea.org/reports/oil-market-report-july-2026 | data/derived/hormuz_m8q_8_country_stocks_demand_ledger.csv,See matching monthly-channel rows in this file.,Rank measured May-to-June reductions in coping-channel intensity; exclude the exogenous transit/production reopening and the global total-stock flip distorted by oil on water.,Modeled gross bypass stayed at 7.2 mb/d; no June unwind is observed in the reconstruction.,"Not a structural cost curve: one back-loaded month, delivery lags, seasonality, heterogeneous geographies and concurrent shocks prevent causal ranking."
ordering-apparent-global-stock-flip,revealed_ordering_caveat,2026-05-01,2026-06-30,,inventory_timing,Apparent global total-stock relief,World,3.054839,,,mb/d,,,3.054839,,observed_composite_but_confounding,medium_high_for_total_low_for_interpretation,https://www.iea.org/reports/oil-market-report-july-2026,iea_jul_may_inventory | iea_jul_jun_inventory | iea_jul_jun_onshore | iea_jul_jun_water,May draw 73/31=2.355 mb/d versus June build 21/30=0.700 mb/d; apparent relief=3.055 mb/d.,Do not rank this as stock-buffer relaxation: June oil on water built 3.9 mb/d while onshore tanks still drew 3.2 mb/d and OECD government reserves supplied 1.47 mb/d.,Cargo timing dominates the aggregate stock sign.
