row_id,observation_month,observation_period,publication_vintage,source,source_family,counterfactual_role,status,metric,geography,value,unit,definition,taxonomy,confidence,citation,notes
eia_feb26_202602_global_liquids_consumption,2026-02,2026-02,2026-02-10,EIA STEO Feb 2026,EIA_STEO,frozen_prewar_forecast,forecast,global_liquids_consumption,World,104.474579,mb/d,EIA world petroleum and other liquid fuels consumption.,petroleum_and_other_liquid_fuels,high,https://www.eia.gov/outlooks/steo/archives/feb26_base.xlsx,EIA archive Table 3c row 'World total' and Table 3e row 'World total'. Past-month values remain estimates subject to revision; the workbook groups estimates and forecasts.
eia_feb26_202602_global_liquids_supply,2026-02,2026-02,2026-02-10,EIA STEO Feb 2026,EIA_STEO,frozen_prewar_forecast,forecast,global_liquids_supply,World,106.813547,mb/d,EIA world petroleum and other liquid fuels production.,petroleum_and_other_liquid_fuels,high,https://www.eia.gov/outlooks/steo/archives/feb26_base.xlsx,EIA archive Table 3c row 'World total' and Table 3e row 'World total'. Past-month values remain estimates subject to revision; the workbook groups estimates and forecasts.
eia_feb26_202602_implied_global_inventory_change,2026-02,2026-02,2026-02-10,EIA STEO Feb 2026,EIA_STEO,frozen_prewar_forecast,forecast,implied_global_inventory_change,World,2.338968,mb/d,Arithmetic supply less consumption from the same EIA vintage; positive is a stock build and negative is a stock draw.,petroleum_and_other_liquid_fuels,medium_high,https://www.eia.gov/outlooks/steo/archives/feb26_base.xlsx,EIA archive Table 3c row 'World total' and Table 3e row 'World total'. Past-month values remain estimates subject to revision; the workbook groups estimates and forecasts.
eia_feb26_202603_global_liquids_consumption,2026-03,2026-03,2026-02-10,EIA STEO Feb 2026,EIA_STEO,frozen_prewar_forecast,forecast,global_liquids_consumption,World,103.285549,mb/d,EIA world petroleum and other liquid fuels consumption.,petroleum_and_other_liquid_fuels,high,https://www.eia.gov/outlooks/steo/archives/feb26_base.xlsx,EIA archive Table 3c row 'World total' and Table 3e row 'World total'. Past-month values remain estimates subject to revision; the workbook groups estimates and forecasts.
eia_feb26_202603_global_liquids_supply,2026-03,2026-03,2026-02-10,EIA STEO Feb 2026,EIA_STEO,frozen_prewar_forecast,forecast,global_liquids_supply,World,107.182373,mb/d,EIA world petroleum and other liquid fuels production.,petroleum_and_other_liquid_fuels,high,https://www.eia.gov/outlooks/steo/archives/feb26_base.xlsx,EIA archive Table 3c row 'World total' and Table 3e row 'World total'. Past-month values remain estimates subject to revision; the workbook groups estimates and forecasts.
eia_feb26_202603_implied_global_inventory_change,2026-03,2026-03,2026-02-10,EIA STEO Feb 2026,EIA_STEO,frozen_prewar_forecast,forecast,implied_global_inventory_change,World,3.896824,mb/d,Arithmetic supply less consumption from the same EIA vintage; positive is a stock build and negative is a stock draw.,petroleum_and_other_liquid_fuels,medium_high,https://www.eia.gov/outlooks/steo/archives/feb26_base.xlsx,EIA archive Table 3c row 'World total' and Table 3e row 'World total'. Past-month values remain estimates subject to revision; the workbook groups estimates and forecasts.
eia_feb26_202604_global_liquids_consumption,2026-04,2026-04,2026-02-10,EIA STEO Feb 2026,EIA_STEO,frozen_prewar_forecast,forecast,global_liquids_consumption,World,104.089445,mb/d,EIA world petroleum and other liquid fuels consumption.,petroleum_and_other_liquid_fuels,high,https://www.eia.gov/outlooks/steo/archives/feb26_base.xlsx,EIA archive Table 3c row 'World total' and Table 3e row 'World total'. Past-month values remain estimates subject to revision; the workbook groups estimates and forecasts.
eia_feb26_202604_global_liquids_supply,2026-04,2026-04,2026-02-10,EIA STEO Feb 2026,EIA_STEO,frozen_prewar_forecast,forecast,global_liquids_supply,World,107.482281,mb/d,EIA world petroleum and other liquid fuels production.,petroleum_and_other_liquid_fuels,high,https://www.eia.gov/outlooks/steo/archives/feb26_base.xlsx,EIA archive Table 3c row 'World total' and Table 3e row 'World total'. Past-month values remain estimates subject to revision; the workbook groups estimates and forecasts.
eia_feb26_202604_implied_global_inventory_change,2026-04,2026-04,2026-02-10,EIA STEO Feb 2026,EIA_STEO,frozen_prewar_forecast,forecast,implied_global_inventory_change,World,3.392836,mb/d,Arithmetic supply less consumption from the same EIA vintage; positive is a stock build and negative is a stock draw.,petroleum_and_other_liquid_fuels,medium_high,https://www.eia.gov/outlooks/steo/archives/feb26_base.xlsx,EIA archive Table 3c row 'World total' and Table 3e row 'World total'. Past-month values remain estimates subject to revision; the workbook groups estimates and forecasts.
eia_feb26_202605_global_liquids_consumption,2026-05,2026-05,2026-02-10,EIA STEO Feb 2026,EIA_STEO,frozen_prewar_forecast,forecast,global_liquids_consumption,World,104.293284,mb/d,EIA world petroleum and other liquid fuels consumption.,petroleum_and_other_liquid_fuels,high,https://www.eia.gov/outlooks/steo/archives/feb26_base.xlsx,EIA archive Table 3c row 'World total' and Table 3e row 'World total'. Past-month values remain estimates subject to revision; the workbook groups estimates and forecasts.
eia_feb26_202605_global_liquids_supply,2026-05,2026-05,2026-02-10,EIA STEO Feb 2026,EIA_STEO,frozen_prewar_forecast,forecast,global_liquids_supply,World,107.604272,mb/d,EIA world petroleum and other liquid fuels production.,petroleum_and_other_liquid_fuels,high,https://www.eia.gov/outlooks/steo/archives/feb26_base.xlsx,EIA archive Table 3c row 'World total' and Table 3e row 'World total'. Past-month values remain estimates subject to revision; the workbook groups estimates and forecasts.
eia_feb26_202605_implied_global_inventory_change,2026-05,2026-05,2026-02-10,EIA STEO Feb 2026,EIA_STEO,frozen_prewar_forecast,forecast,implied_global_inventory_change,World,3.310988,mb/d,Arithmetic supply less consumption from the same EIA vintage; positive is a stock build and negative is a stock draw.,petroleum_and_other_liquid_fuels,medium_high,https://www.eia.gov/outlooks/steo/archives/feb26_base.xlsx,EIA archive Table 3c row 'World total' and Table 3e row 'World total'. Past-month values remain estimates subject to revision; the workbook groups estimates and forecasts.
eia_feb26_202606_global_liquids_consumption,2026-06,2026-06,2026-02-10,EIA STEO Feb 2026,EIA_STEO,frozen_prewar_forecast,forecast,global_liquids_consumption,World,105.841623,mb/d,EIA world petroleum and other liquid fuels consumption.,petroleum_and_other_liquid_fuels,high,https://www.eia.gov/outlooks/steo/archives/feb26_base.xlsx,EIA archive Table 3c row 'World total' and Table 3e row 'World total'. Past-month values remain estimates subject to revision; the workbook groups estimates and forecasts.
eia_feb26_202606_global_liquids_supply,2026-06,2026-06,2026-02-10,EIA STEO Feb 2026,EIA_STEO,frozen_prewar_forecast,forecast,global_liquids_supply,World,108.203305,mb/d,EIA world petroleum and other liquid fuels production.,petroleum_and_other_liquid_fuels,high,https://www.eia.gov/outlooks/steo/archives/feb26_base.xlsx,EIA archive Table 3c row 'World total' and Table 3e row 'World total'. Past-month values remain estimates subject to revision; the workbook groups estimates and forecasts.
eia_feb26_202606_implied_global_inventory_change,2026-06,2026-06,2026-02-10,EIA STEO Feb 2026,EIA_STEO,frozen_prewar_forecast,forecast,implied_global_inventory_change,World,2.361681,mb/d,Arithmetic supply less consumption from the same EIA vintage; positive is a stock build and negative is a stock draw.,petroleum_and_other_liquid_fuels,medium_high,https://www.eia.gov/outlooks/steo/archives/feb26_base.xlsx,EIA archive Table 3c row 'World total' and Table 3e row 'World total'. Past-month values remain estimates subject to revision; the workbook groups estimates and forecasts.
eia_feb26_202607_global_liquids_consumption,2026-07,2026-07,2026-02-10,EIA STEO Feb 2026,EIA_STEO,frozen_prewar_forecast,forecast,global_liquids_consumption,World,105.674728,mb/d,EIA world petroleum and other liquid fuels consumption.,petroleum_and_other_liquid_fuels,high,https://www.eia.gov/outlooks/steo/archives/feb26_base.xlsx,EIA archive Table 3c row 'World total' and Table 3e row 'World total'. Past-month values remain estimates subject to revision; the workbook groups estimates and forecasts.
eia_feb26_202607_global_liquids_supply,2026-07,2026-07,2026-02-10,EIA STEO Feb 2026,EIA_STEO,frozen_prewar_forecast,forecast,global_liquids_supply,World,108.356979,mb/d,EIA world petroleum and other liquid fuels production.,petroleum_and_other_liquid_fuels,high,https://www.eia.gov/outlooks/steo/archives/feb26_base.xlsx,EIA archive Table 3c row 'World total' and Table 3e row 'World total'. Past-month values remain estimates subject to revision; the workbook groups estimates and forecasts.
eia_feb26_202607_implied_global_inventory_change,2026-07,2026-07,2026-02-10,EIA STEO Feb 2026,EIA_STEO,frozen_prewar_forecast,forecast,implied_global_inventory_change,World,2.682251,mb/d,Arithmetic supply less consumption from the same EIA vintage; positive is a stock build and negative is a stock draw.,petroleum_and_other_liquid_fuels,medium_high,https://www.eia.gov/outlooks/steo/archives/feb26_base.xlsx,EIA archive Table 3c row 'World total' and Table 3e row 'World total'. Past-month values remain estimates subject to revision; the workbook groups estimates and forecasts.
eia_feb26_202608_global_liquids_consumption,2026-08,2026-08,2026-02-10,EIA STEO Feb 2026,EIA_STEO,frozen_prewar_forecast,forecast,global_liquids_consumption,World,105.567706,mb/d,EIA world petroleum and other liquid fuels consumption.,petroleum_and_other_liquid_fuels,high,https://www.eia.gov/outlooks/steo/archives/feb26_base.xlsx,EIA archive Table 3c row 'World total' and Table 3e row 'World total'. Past-month values remain estimates subject to revision; the workbook groups estimates and forecasts.
eia_feb26_202608_global_liquids_supply,2026-08,2026-08,2026-02-10,EIA STEO Feb 2026,EIA_STEO,frozen_prewar_forecast,forecast,global_liquids_supply,World,108.381484,mb/d,EIA world petroleum and other liquid fuels production.,petroleum_and_other_liquid_fuels,high,https://www.eia.gov/outlooks/steo/archives/feb26_base.xlsx,EIA archive Table 3c row 'World total' and Table 3e row 'World total'. Past-month values remain estimates subject to revision; the workbook groups estimates and forecasts.
eia_feb26_202608_implied_global_inventory_change,2026-08,2026-08,2026-02-10,EIA STEO Feb 2026,EIA_STEO,frozen_prewar_forecast,forecast,implied_global_inventory_change,World,2.813778,mb/d,Arithmetic supply less consumption from the same EIA vintage; positive is a stock build and negative is a stock draw.,petroleum_and_other_liquid_fuels,medium_high,https://www.eia.gov/outlooks/steo/archives/feb26_base.xlsx,EIA archive Table 3c row 'World total' and Table 3e row 'World total'. Past-month values remain estimates subject to revision; the workbook groups estimates and forecasts.
iea_feb_2026_demand_growth,2026-02,2026 calendar-year change,2026-02-12,IEA OMR February 2026,IEA_OMR_or_commentary,frozen_prewar_forecast,forecast,global_oil_demand_change_yoy,World,0.85,mb/d,Forecast 2026 year-on-year change in global oil demand.,total_oil,high,https://www.iea.org/reports/oil-market-report-february-2026,"Annual growth, not a monthly demand level."
iea_feb_2026_runs,2026-02,2026 calendar-year average,2026-02-12,IEA OMR February 2026,IEA_OMR_or_commentary,frozen_prewar_forecast,forecast,global_refinery_crude_throughput,World,84.6,mb/d,Forecast 2026 average refinery crude throughput.,crude_throughput,high,https://www.iea.org/reports/oil-market-report-february-2026,Annual average forecast.
iea_feb_2026_supply,2026-02,2026 calendar-year average,2026-02-12,IEA OMR February 2026,IEA_OMR_or_commentary,frozen_prewar_forecast,forecast,global_oil_supply,World,108.6,mb/d,Forecast 2026 average world oil supply.,total_oil,high,https://www.iea.org/reports/oil-market-report-february-2026,Frozen pre-war annual anchor; do not substitute for the monthly February level.
eia_mar26_202602_global_liquids_consumption,2026-02,2026-02,2026-03-10,EIA STEO Mar 2026,EIA_STEO,postshock_vintage,preliminary_estimate,global_liquids_consumption,World,105.138619,mb/d,EIA world petroleum and other liquid fuels consumption.,petroleum_and_other_liquid_fuels,high,https://www.eia.gov/outlooks/steo/archives/mar26_base.xlsx,EIA archive Table 3c row 'World total' and Table 3e row 'World total'. Past-month values remain estimates subject to revision; the workbook groups estimates and forecasts.
eia_mar26_202602_global_liquids_supply,2026-02,2026-02,2026-03-10,EIA STEO Mar 2026,EIA_STEO,postshock_vintage,preliminary_estimate,global_liquids_supply,World,107.879497,mb/d,EIA world petroleum and other liquid fuels production.,petroleum_and_other_liquid_fuels,high,https://www.eia.gov/outlooks/steo/archives/mar26_base.xlsx,EIA archive Table 3c row 'World total' and Table 3e row 'World total'. Past-month values remain estimates subject to revision; the workbook groups estimates and forecasts.
eia_mar26_202602_implied_global_inventory_change,2026-02,2026-02,2026-03-10,EIA STEO Mar 2026,EIA_STEO,postshock_vintage,preliminary_estimate,implied_global_inventory_change,World,2.740878,mb/d,Arithmetic supply less consumption from the same EIA vintage; positive is a stock build and negative is a stock draw.,petroleum_and_other_liquid_fuels,medium_high,https://www.eia.gov/outlooks/steo/archives/mar26_base.xlsx,EIA archive Table 3c row 'World total' and Table 3e row 'World total'. Past-month values remain estimates subject to revision; the workbook groups estimates and forecasts.
eia_mar26_202603_global_liquids_consumption,2026-03,2026-03,2026-03-10,EIA STEO Mar 2026,EIA_STEO,postshock_vintage,forecast,global_liquids_consumption,World,103.696894,mb/d,EIA world petroleum and other liquid fuels consumption.,petroleum_and_other_liquid_fuels,high,https://www.eia.gov/outlooks/steo/archives/mar26_base.xlsx,EIA archive Table 3c row 'World total' and Table 3e row 'World total'. Past-month values remain estimates subject to revision; the workbook groups estimates and forecasts.
eia_mar26_202603_global_liquids_supply,2026-03,2026-03,2026-03-10,EIA STEO Mar 2026,EIA_STEO,postshock_vintage,forecast,global_liquids_supply,World,101.81686,mb/d,EIA world petroleum and other liquid fuels production.,petroleum_and_other_liquid_fuels,high,https://www.eia.gov/outlooks/steo/archives/mar26_base.xlsx,EIA archive Table 3c row 'World total' and Table 3e row 'World total'. Past-month values remain estimates subject to revision; the workbook groups estimates and forecasts.
eia_mar26_202603_implied_global_inventory_change,2026-03,2026-03,2026-03-10,EIA STEO Mar 2026,EIA_STEO,postshock_vintage,forecast,implied_global_inventory_change,World,-1.880034,mb/d,Arithmetic supply less consumption from the same EIA vintage; positive is a stock build and negative is a stock draw.,petroleum_and_other_liquid_fuels,medium_high,https://www.eia.gov/outlooks/steo/archives/mar26_base.xlsx,EIA archive Table 3c row 'World total' and Table 3e row 'World total'. Past-month values remain estimates subject to revision; the workbook groups estimates and forecasts.
eia_mar26_202604_global_liquids_consumption,2026-04,2026-04,2026-03-10,EIA STEO Mar 2026,EIA_STEO,postshock_vintage,forecast,global_liquids_consumption,World,104.382976,mb/d,EIA world petroleum and other liquid fuels consumption.,petroleum_and_other_liquid_fuels,high,https://www.eia.gov/outlooks/steo/archives/mar26_base.xlsx,EIA archive Table 3c row 'World total' and Table 3e row 'World total'. Past-month values remain estimates subject to revision; the workbook groups estimates and forecasts.
eia_mar26_202604_global_liquids_supply,2026-04,2026-04,2026-03-10,EIA STEO Mar 2026,EIA_STEO,postshock_vintage,forecast,global_liquids_supply,World,104.475189,mb/d,EIA world petroleum and other liquid fuels production.,petroleum_and_other_liquid_fuels,high,https://www.eia.gov/outlooks/steo/archives/mar26_base.xlsx,EIA archive Table 3c row 'World total' and Table 3e row 'World total'. Past-month values remain estimates subject to revision; the workbook groups estimates and forecasts.
eia_mar26_202604_implied_global_inventory_change,2026-04,2026-04,2026-03-10,EIA STEO Mar 2026,EIA_STEO,postshock_vintage,forecast,implied_global_inventory_change,World,0.092213,mb/d,Arithmetic supply less consumption from the same EIA vintage; positive is a stock build and negative is a stock draw.,petroleum_and_other_liquid_fuels,medium_high,https://www.eia.gov/outlooks/steo/archives/mar26_base.xlsx,EIA archive Table 3c row 'World total' and Table 3e row 'World total'. Past-month values remain estimates subject to revision; the workbook groups estimates and forecasts.
eia_mar26_202605_global_liquids_consumption,2026-05,2026-05,2026-03-10,EIA STEO Mar 2026,EIA_STEO,postshock_vintage,forecast,global_liquids_consumption,World,104.624074,mb/d,EIA world petroleum and other liquid fuels consumption.,petroleum_and_other_liquid_fuels,high,https://www.eia.gov/outlooks/steo/archives/mar26_base.xlsx,EIA archive Table 3c row 'World total' and Table 3e row 'World total'. Past-month values remain estimates subject to revision; the workbook groups estimates and forecasts.
eia_mar26_202605_global_liquids_supply,2026-05,2026-05,2026-03-10,EIA STEO Mar 2026,EIA_STEO,postshock_vintage,forecast,global_liquids_supply,World,105.737512,mb/d,EIA world petroleum and other liquid fuels production.,petroleum_and_other_liquid_fuels,high,https://www.eia.gov/outlooks/steo/archives/mar26_base.xlsx,EIA archive Table 3c row 'World total' and Table 3e row 'World total'. Past-month values remain estimates subject to revision; the workbook groups estimates and forecasts.
eia_mar26_202605_implied_global_inventory_change,2026-05,2026-05,2026-03-10,EIA STEO Mar 2026,EIA_STEO,postshock_vintage,forecast,implied_global_inventory_change,World,1.113438,mb/d,Arithmetic supply less consumption from the same EIA vintage; positive is a stock build and negative is a stock draw.,petroleum_and_other_liquid_fuels,medium_high,https://www.eia.gov/outlooks/steo/archives/mar26_base.xlsx,EIA archive Table 3c row 'World total' and Table 3e row 'World total'. Past-month values remain estimates subject to revision; the workbook groups estimates and forecasts.
eia_mar26_202606_global_liquids_consumption,2026-06,2026-06,2026-03-10,EIA STEO Mar 2026,EIA_STEO,postshock_vintage,forecast,global_liquids_consumption,World,106.207416,mb/d,EIA world petroleum and other liquid fuels consumption.,petroleum_and_other_liquid_fuels,high,https://www.eia.gov/outlooks/steo/archives/mar26_base.xlsx,EIA archive Table 3c row 'World total' and Table 3e row 'World total'. Past-month values remain estimates subject to revision; the workbook groups estimates and forecasts.
eia_mar26_202606_global_liquids_supply,2026-06,2026-06,2026-03-10,EIA STEO Mar 2026,EIA_STEO,postshock_vintage,forecast,global_liquids_supply,World,107.134108,mb/d,EIA world petroleum and other liquid fuels production.,petroleum_and_other_liquid_fuels,high,https://www.eia.gov/outlooks/steo/archives/mar26_base.xlsx,EIA archive Table 3c row 'World total' and Table 3e row 'World total'. Past-month values remain estimates subject to revision; the workbook groups estimates and forecasts.
eia_mar26_202606_implied_global_inventory_change,2026-06,2026-06,2026-03-10,EIA STEO Mar 2026,EIA_STEO,postshock_vintage,forecast,implied_global_inventory_change,World,0.926693,mb/d,Arithmetic supply less consumption from the same EIA vintage; positive is a stock build and negative is a stock draw.,petroleum_and_other_liquid_fuels,medium_high,https://www.eia.gov/outlooks/steo/archives/mar26_base.xlsx,EIA archive Table 3c row 'World total' and Table 3e row 'World total'. Past-month values remain estimates subject to revision; the workbook groups estimates and forecasts.
eia_mar26_202607_global_liquids_consumption,2026-07,2026-07,2026-03-10,EIA STEO Mar 2026,EIA_STEO,postshock_vintage,forecast,global_liquids_consumption,World,106.062717,mb/d,EIA world petroleum and other liquid fuels consumption.,petroleum_and_other_liquid_fuels,high,https://www.eia.gov/outlooks/steo/archives/mar26_base.xlsx,EIA archive Table 3c row 'World total' and Table 3e row 'World total'. Past-month values remain estimates subject to revision; the workbook groups estimates and forecasts.
eia_mar26_202607_global_liquids_supply,2026-07,2026-07,2026-03-10,EIA STEO Mar 2026,EIA_STEO,postshock_vintage,forecast,global_liquids_supply,World,108.09191,mb/d,EIA world petroleum and other liquid fuels production.,petroleum_and_other_liquid_fuels,high,https://www.eia.gov/outlooks/steo/archives/mar26_base.xlsx,EIA archive Table 3c row 'World total' and Table 3e row 'World total'. Past-month values remain estimates subject to revision; the workbook groups estimates and forecasts.
eia_mar26_202607_implied_global_inventory_change,2026-07,2026-07,2026-03-10,EIA STEO Mar 2026,EIA_STEO,postshock_vintage,forecast,implied_global_inventory_change,World,2.029193,mb/d,Arithmetic supply less consumption from the same EIA vintage; positive is a stock build and negative is a stock draw.,petroleum_and_other_liquid_fuels,medium_high,https://www.eia.gov/outlooks/steo/archives/mar26_base.xlsx,EIA archive Table 3c row 'World total' and Table 3e row 'World total'. Past-month values remain estimates subject to revision; the workbook groups estimates and forecasts.
eia_mar26_202608_global_liquids_consumption,2026-08,2026-08,2026-03-10,EIA STEO Mar 2026,EIA_STEO,postshock_vintage,forecast,global_liquids_consumption,World,105.946085,mb/d,EIA world petroleum and other liquid fuels consumption.,petroleum_and_other_liquid_fuels,high,https://www.eia.gov/outlooks/steo/archives/mar26_base.xlsx,EIA archive Table 3c row 'World total' and Table 3e row 'World total'. Past-month values remain estimates subject to revision; the workbook groups estimates and forecasts.
eia_mar26_202608_global_liquids_supply,2026-08,2026-08,2026-03-10,EIA STEO Mar 2026,EIA_STEO,postshock_vintage,forecast,global_liquids_supply,World,108.38269,mb/d,EIA world petroleum and other liquid fuels production.,petroleum_and_other_liquid_fuels,high,https://www.eia.gov/outlooks/steo/archives/mar26_base.xlsx,EIA archive Table 3c row 'World total' and Table 3e row 'World total'. Past-month values remain estimates subject to revision; the workbook groups estimates and forecasts.
eia_mar26_202608_implied_global_inventory_change,2026-08,2026-08,2026-03-10,EIA STEO Mar 2026,EIA_STEO,postshock_vintage,forecast,implied_global_inventory_change,World,2.436605,mb/d,Arithmetic supply less consumption from the same EIA vintage; positive is a stock build and negative is a stock draw.,petroleum_and_other_liquid_fuels,medium_high,https://www.eia.gov/outlooks/steo/archives/mar26_base.xlsx,EIA archive Table 3c row 'World total' and Table 3e row 'World total'. Past-month values remain estimates subject to revision; the workbook groups estimates and forecasts.
iea_mar_current_gulf_crude_cut,2026-03,point in time at publication,2026-03-12,IEA OMR March 2026,IEA_OMR_or_commentary,postshock_vintage,point_in_time_estimate,affected_gulf_output_loss_vs_prewar,Gulf producers,8,mb/d,At least 8 mb/d of crude production curtailed.,crude_oil,medium,https://www.iea.org/reports/oil-market-report-march-2026,Component of the total-oil cut; do not add to the 10 mb/d headline.
iea_mar_current_gulf_cut,2026-03,point in time at publication,2026-03-12,IEA OMR March 2026,IEA_OMR_or_commentary,postshock_vintage,point_in_time_estimate,affected_gulf_output_loss_vs_prewar,Gulf producers,10,mb/d,At least 10 mb/d of total oil production curtailed in Gulf countries.,total_oil,medium,https://www.iea.org/reports/oil-market-report-march-2026,Lower bound comprising at least 8 mb/d crude and 2 mb/d condensates/NGLs.
iea_mar_current_gulf_ngl_cut,2026-03,point in time at publication,2026-03-12,IEA OMR March 2026,IEA_OMR_or_commentary,postshock_vintage,point_in_time_estimate,affected_gulf_output_loss_vs_prewar,Gulf producers,2,mb/d,At least 2 mb/d of condensates and NGL production curtailed.,condensates_and_ngls,medium,https://www.iea.org/reports/oil-market-report-march-2026,Component of the total-oil cut; do not add to the 10 mb/d headline.
iea_mar_mar_supply_change,2026-03,2026-03,2026-03-12,IEA OMR March 2026,IEA_OMR_or_commentary,postshock_vintage,forecast,global_oil_supply_change_mom,World,-8,mb/d,Projected March change in global oil supply from February.,total_oil,medium,https://www.iea.org/reports/oil-market-report-march-2026,April OMR later estimated a 10.1 mb/d decline.
iea_mar_marapr_demand_revision,2026-03,2026-03-01/2026-04-30 average,2026-03-12,IEA OMR March 2026,IEA_OMR_or_commentary,postshock_vintage,forecast_revision,global_oil_demand_revision_vs_prior,World,-1,mb/d,Average revision to March-April global demand versus the February OMR.,total_oil,medium,https://www.iea.org/reports/oil-market-report-march-2026,IEA says around/more than 1 mb/d; rounded shock-era forecast revision.
eia_apr26_202602_global_liquids_consumption,2026-02,2026-02,2026-04-07,EIA STEO Apr 2026,EIA_STEO,postshock_vintage,preliminary_estimate,global_liquids_consumption,World,104.754067,mb/d,EIA world petroleum and other liquid fuels consumption.,petroleum_and_other_liquid_fuels,high,https://www.eia.gov/outlooks/steo/archives/apr26_base.xlsx,EIA archive Table 3c row 'World total' and Table 3e row 'World total'. Past-month values remain estimates subject to revision; the workbook groups estimates and forecasts.
eia_apr26_202602_global_liquids_supply,2026-02,2026-02,2026-04-07,EIA STEO Apr 2026,EIA_STEO,postshock_vintage,preliminary_estimate,global_liquids_supply,World,107.966748,mb/d,EIA world petroleum and other liquid fuels production.,petroleum_and_other_liquid_fuels,high,https://www.eia.gov/outlooks/steo/archives/apr26_base.xlsx,EIA archive Table 3c row 'World total' and Table 3e row 'World total'. Past-month values remain estimates subject to revision; the workbook groups estimates and forecasts.
eia_apr26_202602_implied_global_inventory_change,2026-02,2026-02,2026-04-07,EIA STEO Apr 2026,EIA_STEO,postshock_vintage,preliminary_estimate,implied_global_inventory_change,World,3.212681,mb/d,Arithmetic supply less consumption from the same EIA vintage; positive is a stock build and negative is a stock draw.,petroleum_and_other_liquid_fuels,medium_high,https://www.eia.gov/outlooks/steo/archives/apr26_base.xlsx,EIA archive Table 3c row 'World total' and Table 3e row 'World total'. Past-month values remain estimates subject to revision; the workbook groups estimates and forecasts.
eia_apr26_202603_global_liquids_consumption,2026-03,2026-03,2026-04-07,EIA STEO Apr 2026,EIA_STEO,postshock_vintage,preliminary_estimate,global_liquids_consumption,World,102.893379,mb/d,EIA world petroleum and other liquid fuels consumption.,petroleum_and_other_liquid_fuels,high,https://www.eia.gov/outlooks/steo/archives/apr26_base.xlsx,EIA archive Table 3c row 'World total' and Table 3e row 'World total'. Past-month values remain estimates subject to revision; the workbook groups estimates and forecasts.
eia_apr26_202603_global_liquids_supply,2026-03,2026-03,2026-04-07,EIA STEO Apr 2026,EIA_STEO,postshock_vintage,preliminary_estimate,global_liquids_supply,World,98.16019,mb/d,EIA world petroleum and other liquid fuels production.,petroleum_and_other_liquid_fuels,high,https://www.eia.gov/outlooks/steo/archives/apr26_base.xlsx,EIA archive Table 3c row 'World total' and Table 3e row 'World total'. Past-month values remain estimates subject to revision; the workbook groups estimates and forecasts.
eia_apr26_202603_implied_global_inventory_change,2026-03,2026-03,2026-04-07,EIA STEO Apr 2026,EIA_STEO,postshock_vintage,preliminary_estimate,implied_global_inventory_change,World,-4.733189,mb/d,Arithmetic supply less consumption from the same EIA vintage; positive is a stock build and negative is a stock draw.,petroleum_and_other_liquid_fuels,medium_high,https://www.eia.gov/outlooks/steo/archives/apr26_base.xlsx,EIA archive Table 3c row 'World total' and Table 3e row 'World total'. Past-month values remain estimates subject to revision; the workbook groups estimates and forecasts.
eia_apr26_202604_global_liquids_consumption,2026-04,2026-04,2026-04-07,EIA STEO Apr 2026,EIA_STEO,postshock_vintage,forecast,global_liquids_consumption,World,103.413563,mb/d,EIA world petroleum and other liquid fuels consumption.,petroleum_and_other_liquid_fuels,high,https://www.eia.gov/outlooks/steo/archives/apr26_base.xlsx,EIA archive Table 3c row 'World total' and Table 3e row 'World total'. Past-month values remain estimates subject to revision; the workbook groups estimates and forecasts.
eia_apr26_202604_global_liquids_supply,2026-04,2026-04,2026-04-07,EIA STEO Apr 2026,EIA_STEO,postshock_vintage,forecast,global_liquids_supply,World,96.261079,mb/d,EIA world petroleum and other liquid fuels production.,petroleum_and_other_liquid_fuels,high,https://www.eia.gov/outlooks/steo/archives/apr26_base.xlsx,EIA archive Table 3c row 'World total' and Table 3e row 'World total'. Past-month values remain estimates subject to revision; the workbook groups estimates and forecasts.
eia_apr26_202604_implied_global_inventory_change,2026-04,2026-04,2026-04-07,EIA STEO Apr 2026,EIA_STEO,postshock_vintage,forecast,implied_global_inventory_change,World,-7.152484,mb/d,Arithmetic supply less consumption from the same EIA vintage; positive is a stock build and negative is a stock draw.,petroleum_and_other_liquid_fuels,medium_high,https://www.eia.gov/outlooks/steo/archives/apr26_base.xlsx,EIA archive Table 3c row 'World total' and Table 3e row 'World total'. Past-month values remain estimates subject to revision; the workbook groups estimates and forecasts.
eia_apr26_202605_global_liquids_consumption,2026-05,2026-05,2026-04-07,EIA STEO Apr 2026,EIA_STEO,postshock_vintage,forecast,global_liquids_consumption,World,103.854204,mb/d,EIA world petroleum and other liquid fuels consumption.,petroleum_and_other_liquid_fuels,high,https://www.eia.gov/outlooks/steo/archives/apr26_base.xlsx,EIA archive Table 3c row 'World total' and Table 3e row 'World total'. Past-month values remain estimates subject to revision; the workbook groups estimates and forecasts.
eia_apr26_202605_global_liquids_supply,2026-05,2026-05,2026-04-07,EIA STEO Apr 2026,EIA_STEO,postshock_vintage,forecast,global_liquids_supply,World,99.218568,mb/d,EIA world petroleum and other liquid fuels production.,petroleum_and_other_liquid_fuels,high,https://www.eia.gov/outlooks/steo/archives/apr26_base.xlsx,EIA archive Table 3c row 'World total' and Table 3e row 'World total'. Past-month values remain estimates subject to revision; the workbook groups estimates and forecasts.
eia_apr26_202605_implied_global_inventory_change,2026-05,2026-05,2026-04-07,EIA STEO Apr 2026,EIA_STEO,postshock_vintage,forecast,implied_global_inventory_change,World,-4.635636,mb/d,Arithmetic supply less consumption from the same EIA vintage; positive is a stock build and negative is a stock draw.,petroleum_and_other_liquid_fuels,medium_high,https://www.eia.gov/outlooks/steo/archives/apr26_base.xlsx,EIA archive Table 3c row 'World total' and Table 3e row 'World total'. Past-month values remain estimates subject to revision; the workbook groups estimates and forecasts.
eia_apr26_202606_global_liquids_consumption,2026-06,2026-06,2026-04-07,EIA STEO Apr 2026,EIA_STEO,postshock_vintage,forecast,global_liquids_consumption,World,105.543677,mb/d,EIA world petroleum and other liquid fuels consumption.,petroleum_and_other_liquid_fuels,high,https://www.eia.gov/outlooks/steo/archives/apr26_base.xlsx,EIA archive Table 3c row 'World total' and Table 3e row 'World total'. Past-month values remain estimates subject to revision; the workbook groups estimates and forecasts.
eia_apr26_202606_global_liquids_supply,2026-06,2026-06,2026-04-07,EIA STEO Apr 2026,EIA_STEO,postshock_vintage,forecast,global_liquids_supply,World,102.046216,mb/d,EIA world petroleum and other liquid fuels production.,petroleum_and_other_liquid_fuels,high,https://www.eia.gov/outlooks/steo/archives/apr26_base.xlsx,EIA archive Table 3c row 'World total' and Table 3e row 'World total'. Past-month values remain estimates subject to revision; the workbook groups estimates and forecasts.
eia_apr26_202606_implied_global_inventory_change,2026-06,2026-06,2026-04-07,EIA STEO Apr 2026,EIA_STEO,postshock_vintage,forecast,implied_global_inventory_change,World,-3.497461,mb/d,Arithmetic supply less consumption from the same EIA vintage; positive is a stock build and negative is a stock draw.,petroleum_and_other_liquid_fuels,medium_high,https://www.eia.gov/outlooks/steo/archives/apr26_base.xlsx,EIA archive Table 3c row 'World total' and Table 3e row 'World total'. Past-month values remain estimates subject to revision; the workbook groups estimates and forecasts.
eia_apr26_202607_global_liquids_consumption,2026-07,2026-07,2026-04-07,EIA STEO Apr 2026,EIA_STEO,postshock_vintage,forecast,global_liquids_consumption,World,105.410819,mb/d,EIA world petroleum and other liquid fuels consumption.,petroleum_and_other_liquid_fuels,high,https://www.eia.gov/outlooks/steo/archives/apr26_base.xlsx,EIA archive Table 3c row 'World total' and Table 3e row 'World total'. Past-month values remain estimates subject to revision; the workbook groups estimates and forecasts.
eia_apr26_202607_global_liquids_supply,2026-07,2026-07,2026-04-07,EIA STEO Apr 2026,EIA_STEO,postshock_vintage,forecast,global_liquids_supply,World,104.196916,mb/d,EIA world petroleum and other liquid fuels production.,petroleum_and_other_liquid_fuels,high,https://www.eia.gov/outlooks/steo/archives/apr26_base.xlsx,EIA archive Table 3c row 'World total' and Table 3e row 'World total'. Past-month values remain estimates subject to revision; the workbook groups estimates and forecasts.
eia_apr26_202607_implied_global_inventory_change,2026-07,2026-07,2026-04-07,EIA STEO Apr 2026,EIA_STEO,postshock_vintage,forecast,implied_global_inventory_change,World,-1.213903,mb/d,Arithmetic supply less consumption from the same EIA vintage; positive is a stock build and negative is a stock draw.,petroleum_and_other_liquid_fuels,medium_high,https://www.eia.gov/outlooks/steo/archives/apr26_base.xlsx,EIA archive Table 3c row 'World total' and Table 3e row 'World total'. Past-month values remain estimates subject to revision; the workbook groups estimates and forecasts.
eia_apr26_202608_global_liquids_consumption,2026-08,2026-08,2026-04-07,EIA STEO Apr 2026,EIA_STEO,postshock_vintage,forecast,global_liquids_consumption,World,105.332555,mb/d,EIA world petroleum and other liquid fuels consumption.,petroleum_and_other_liquid_fuels,high,https://www.eia.gov/outlooks/steo/archives/apr26_base.xlsx,EIA archive Table 3c row 'World total' and Table 3e row 'World total'. Past-month values remain estimates subject to revision; the workbook groups estimates and forecasts.
eia_apr26_202608_global_liquids_supply,2026-08,2026-08,2026-04-07,EIA STEO Apr 2026,EIA_STEO,postshock_vintage,forecast,global_liquids_supply,World,105.604147,mb/d,EIA world petroleum and other liquid fuels production.,petroleum_and_other_liquid_fuels,high,https://www.eia.gov/outlooks/steo/archives/apr26_base.xlsx,EIA archive Table 3c row 'World total' and Table 3e row 'World total'. Past-month values remain estimates subject to revision; the workbook groups estimates and forecasts.
eia_apr26_202608_implied_global_inventory_change,2026-08,2026-08,2026-04-07,EIA STEO Apr 2026,EIA_STEO,postshock_vintage,forecast,implied_global_inventory_change,World,0.271592,mb/d,Arithmetic supply less consumption from the same EIA vintage; positive is a stock build and negative is a stock draw.,petroleum_and_other_liquid_fuels,medium_high,https://www.eia.gov/outlooks/steo/archives/apr26_base.xlsx,EIA archive Table 3c row 'World total' and Table 3e row 'World total'. Past-month values remain estimates subject to revision; the workbook groups estimates and forecasts.
iea_apr_mar_china_crude,2026-03,2026-03,2026-04-14,IEA OMR April 2026,IEA_OMR_or_commentary,postshock_vintage,preliminary_estimate,onshore_crude_inventory_change,China,40,million_barrels,Change in crude held in tanks.,crude,medium,https://www.iea.org/reports/oil-market-report-april-2026,Does not identify government versus commercial ownership.
iea_apr_mar_gulf_floating,2026-03,2026-03,2026-04-14,IEA OMR April 2026,IEA_OMR_or_commentary,postshock_vintage,preliminary_estimate,floating_inventory_change,Middle East Gulf,100,million_barrels,Change in floating crude and oil-product storage.,crude_and_products,medium,https://www.iea.org/reports/oil-market-report-april-2026,Explains why missing exports were not identical to production loss.
iea_apr_mar_gulf_onshore,2026-03,2026-03,2026-04-14,IEA OMR April 2026,IEA_OMR_or_commentary,postshock_vintage,preliminary_estimate,onshore_crude_inventory_change,Middle East Gulf,20,million_barrels,Change in onshore crude stocks.,crude,medium,https://www.iea.org/reports/oil-market-report-april-2026,Gulf stock build.
iea_apr_mar_inventory,2026-03,2026-03,2026-04-14,IEA OMR April 2026,IEA_OMR_or_commentary,postshock_vintage,preliminary_estimate,observed_inventory_change,World,-85,million_barrels,Observed total oil inventory change; negative is a draw.,crude_and_products_observed,medium,https://www.iea.org/reports/oil-market-report-april-2026,Superseded by the May OMR estimate of -129 mb.
iea_apr_mar_inventory_exgulf,2026-03,2026-03,2026-04-14,IEA OMR April 2026,IEA_OMR_or_commentary,postshock_vintage,preliminary_estimate,observed_inventory_change,World excluding Middle East Gulf,-205,million_barrels,Observed stock change outside the Middle East Gulf.,crude_and_products_observed,medium,https://www.iea.org/reports/oil-market-report-april-2026,Do not add to the world total; Gulf stocks moved in the opposite direction.
iea_apr_mar_supply,2026-03,2026-03,2026-04-14,IEA OMR April 2026,IEA_OMR_or_commentary,postshock_vintage,preliminary_estimate,global_oil_supply,World,97,mb/d,IEA total oil supply.,total_oil,high,https://www.iea.org/reports/oil-market-report-april-2026,First post-shock monthly supply estimate.
iea_apr_mar_supply_mom,2026-03,2026-03,2026-04-14,IEA OMR April 2026,IEA_OMR_or_commentary,postshock_vintage,preliminary_estimate,global_oil_supply_change_mom,World,-10.1,mb/d,Change from February global oil supply.,total_oil,high,https://www.iea.org/reports/oil-market-report-april-2026,Largest monthly fall in the IEA series at publication.
iea_apr_apr_runs,2026-04,2026-04,2026-04-14,IEA OMR April 2026,IEA_OMR_or_commentary,postshock_vintage,current_month_estimate,global_refinery_crude_throughput,World,77.2,mb/d,Global refinery crude throughput.,crude_throughput,medium,https://www.iea.org/reports/oil-market-report-april-2026,About 6 mb/d of cuts at Middle East and feedstock-constrained Asian refineries.
eia_may26_202602_global_liquids_consumption,2026-02,2026-02,2026-05-12,EIA STEO May 2026,EIA_STEO,postshock_vintage,preliminary_estimate,global_liquids_consumption,World,104.684936,mb/d,EIA world petroleum and other liquid fuels consumption.,petroleum_and_other_liquid_fuels,high,https://www.eia.gov/outlooks/steo/archives/may26_base.xlsx,EIA archive Table 3c row 'World total' and Table 3e row 'World total'. Past-month values remain estimates subject to revision; the workbook groups estimates and forecasts.
eia_may26_202602_global_liquids_supply,2026-02,2026-02,2026-05-12,EIA STEO May 2026,EIA_STEO,postshock_vintage,preliminary_estimate,global_liquids_supply,World,108.859736,mb/d,EIA world petroleum and other liquid fuels production.,petroleum_and_other_liquid_fuels,high,https://www.eia.gov/outlooks/steo/archives/may26_base.xlsx,EIA archive Table 3c row 'World total' and Table 3e row 'World total'. Past-month values remain estimates subject to revision; the workbook groups estimates and forecasts.
eia_may26_202602_implied_global_inventory_change,2026-02,2026-02,2026-05-12,EIA STEO May 2026,EIA_STEO,postshock_vintage,preliminary_estimate,implied_global_inventory_change,World,4.174799,mb/d,Arithmetic supply less consumption from the same EIA vintage; positive is a stock build and negative is a stock draw.,petroleum_and_other_liquid_fuels,medium_high,https://www.eia.gov/outlooks/steo/archives/may26_base.xlsx,EIA archive Table 3c row 'World total' and Table 3e row 'World total'. Past-month values remain estimates subject to revision; the workbook groups estimates and forecasts.
eia_may26_202603_global_liquids_consumption,2026-03,2026-03,2026-05-12,EIA STEO May 2026,EIA_STEO,postshock_vintage,preliminary_estimate,global_liquids_consumption,World,102.331903,mb/d,EIA world petroleum and other liquid fuels consumption.,petroleum_and_other_liquid_fuels,high,https://www.eia.gov/outlooks/steo/archives/may26_base.xlsx,EIA archive Table 3c row 'World total' and Table 3e row 'World total'. Past-month values remain estimates subject to revision; the workbook groups estimates and forecasts.
eia_may26_202603_global_liquids_supply,2026-03,2026-03,2026-05-12,EIA STEO May 2026,EIA_STEO,postshock_vintage,preliminary_estimate,global_liquids_supply,World,97.05728,mb/d,EIA world petroleum and other liquid fuels production.,petroleum_and_other_liquid_fuels,high,https://www.eia.gov/outlooks/steo/archives/may26_base.xlsx,EIA archive Table 3c row 'World total' and Table 3e row 'World total'. Past-month values remain estimates subject to revision; the workbook groups estimates and forecasts.
eia_may26_202603_implied_global_inventory_change,2026-03,2026-03,2026-05-12,EIA STEO May 2026,EIA_STEO,postshock_vintage,preliminary_estimate,implied_global_inventory_change,World,-5.274623,mb/d,Arithmetic supply less consumption from the same EIA vintage; positive is a stock build and negative is a stock draw.,petroleum_and_other_liquid_fuels,medium_high,https://www.eia.gov/outlooks/steo/archives/may26_base.xlsx,EIA archive Table 3c row 'World total' and Table 3e row 'World total'. Past-month values remain estimates subject to revision; the workbook groups estimates and forecasts.
eia_may26_202604_global_liquids_consumption,2026-04,2026-04,2026-05-12,EIA STEO May 2026,EIA_STEO,postshock_vintage,preliminary_estimate,global_liquids_consumption,World,103.168323,mb/d,EIA world petroleum and other liquid fuels consumption.,petroleum_and_other_liquid_fuels,high,https://www.eia.gov/outlooks/steo/archives/may26_base.xlsx,EIA archive Table 3c row 'World total' and Table 3e row 'World total'. Past-month values remain estimates subject to revision; the workbook groups estimates and forecasts.
eia_may26_202604_global_liquids_supply,2026-04,2026-04,2026-05-12,EIA STEO May 2026,EIA_STEO,postshock_vintage,preliminary_estimate,global_liquids_supply,World,94.548266,mb/d,EIA world petroleum and other liquid fuels production.,petroleum_and_other_liquid_fuels,high,https://www.eia.gov/outlooks/steo/archives/may26_base.xlsx,EIA archive Table 3c row 'World total' and Table 3e row 'World total'. Past-month values remain estimates subject to revision; the workbook groups estimates and forecasts.
eia_may26_202604_implied_global_inventory_change,2026-04,2026-04,2026-05-12,EIA STEO May 2026,EIA_STEO,postshock_vintage,preliminary_estimate,implied_global_inventory_change,World,-8.620057,mb/d,Arithmetic supply less consumption from the same EIA vintage; positive is a stock build and negative is a stock draw.,petroleum_and_other_liquid_fuels,medium_high,https://www.eia.gov/outlooks/steo/archives/may26_base.xlsx,EIA archive Table 3c row 'World total' and Table 3e row 'World total'. Past-month values remain estimates subject to revision; the workbook groups estimates and forecasts.
eia_may26_202605_global_liquids_consumption,2026-05,2026-05,2026-05-12,EIA STEO May 2026,EIA_STEO,postshock_vintage,forecast,global_liquids_consumption,World,103.39955,mb/d,EIA world petroleum and other liquid fuels consumption.,petroleum_and_other_liquid_fuels,high,https://www.eia.gov/outlooks/steo/archives/may26_base.xlsx,EIA archive Table 3c row 'World total' and Table 3e row 'World total'. Past-month values remain estimates subject to revision; the workbook groups estimates and forecasts.
eia_may26_202605_global_liquids_supply,2026-05,2026-05,2026-05-12,EIA STEO May 2026,EIA_STEO,postshock_vintage,forecast,global_liquids_supply,World,94.400825,mb/d,EIA world petroleum and other liquid fuels production.,petroleum_and_other_liquid_fuels,high,https://www.eia.gov/outlooks/steo/archives/may26_base.xlsx,EIA archive Table 3c row 'World total' and Table 3e row 'World total'. Past-month values remain estimates subject to revision; the workbook groups estimates and forecasts.
eia_may26_202605_implied_global_inventory_change,2026-05,2026-05,2026-05-12,EIA STEO May 2026,EIA_STEO,postshock_vintage,forecast,implied_global_inventory_change,World,-8.998724,mb/d,Arithmetic supply less consumption from the same EIA vintage; positive is a stock build and negative is a stock draw.,petroleum_and_other_liquid_fuels,medium_high,https://www.eia.gov/outlooks/steo/archives/may26_base.xlsx,EIA archive Table 3c row 'World total' and Table 3e row 'World total'. Past-month values remain estimates subject to revision; the workbook groups estimates and forecasts.
eia_may26_202606_global_liquids_consumption,2026-06,2026-06,2026-05-12,EIA STEO May 2026,EIA_STEO,postshock_vintage,forecast,global_liquids_consumption,World,105.033787,mb/d,EIA world petroleum and other liquid fuels consumption.,petroleum_and_other_liquid_fuels,high,https://www.eia.gov/outlooks/steo/archives/may26_base.xlsx,EIA archive Table 3c row 'World total' and Table 3e row 'World total'. Past-month values remain estimates subject to revision; the workbook groups estimates and forecasts.
eia_may26_202606_global_liquids_supply,2026-06,2026-06,2026-05-12,EIA STEO May 2026,EIA_STEO,postshock_vintage,forecast,global_liquids_supply,World,97.249589,mb/d,EIA world petroleum and other liquid fuels production.,petroleum_and_other_liquid_fuels,high,https://www.eia.gov/outlooks/steo/archives/may26_base.xlsx,EIA archive Table 3c row 'World total' and Table 3e row 'World total'. Past-month values remain estimates subject to revision; the workbook groups estimates and forecasts.
eia_may26_202606_implied_global_inventory_change,2026-06,2026-06,2026-05-12,EIA STEO May 2026,EIA_STEO,postshock_vintage,forecast,implied_global_inventory_change,World,-7.784198,mb/d,Arithmetic supply less consumption from the same EIA vintage; positive is a stock build and negative is a stock draw.,petroleum_and_other_liquid_fuels,medium_high,https://www.eia.gov/outlooks/steo/archives/may26_base.xlsx,EIA archive Table 3c row 'World total' and Table 3e row 'World total'. Past-month values remain estimates subject to revision; the workbook groups estimates and forecasts.
eia_may26_202607_global_liquids_consumption,2026-07,2026-07,2026-05-12,EIA STEO May 2026,EIA_STEO,postshock_vintage,forecast,global_liquids_consumption,World,104.933906,mb/d,EIA world petroleum and other liquid fuels consumption.,petroleum_and_other_liquid_fuels,high,https://www.eia.gov/outlooks/steo/archives/may26_base.xlsx,EIA archive Table 3c row 'World total' and Table 3e row 'World total'. Past-month values remain estimates subject to revision; the workbook groups estimates and forecasts.
eia_may26_202607_global_liquids_supply,2026-07,2026-07,2026-05-12,EIA STEO May 2026,EIA_STEO,postshock_vintage,forecast,global_liquids_supply,World,98.631457,mb/d,EIA world petroleum and other liquid fuels production.,petroleum_and_other_liquid_fuels,high,https://www.eia.gov/outlooks/steo/archives/may26_base.xlsx,EIA archive Table 3c row 'World total' and Table 3e row 'World total'. Past-month values remain estimates subject to revision; the workbook groups estimates and forecasts.
eia_may26_202607_implied_global_inventory_change,2026-07,2026-07,2026-05-12,EIA STEO May 2026,EIA_STEO,postshock_vintage,forecast,implied_global_inventory_change,World,-6.302449,mb/d,Arithmetic supply less consumption from the same EIA vintage; positive is a stock build and negative is a stock draw.,petroleum_and_other_liquid_fuels,medium_high,https://www.eia.gov/outlooks/steo/archives/may26_base.xlsx,EIA archive Table 3c row 'World total' and Table 3e row 'World total'. Past-month values remain estimates subject to revision; the workbook groups estimates and forecasts.
eia_may26_202608_global_liquids_consumption,2026-08,2026-08,2026-05-12,EIA STEO May 2026,EIA_STEO,postshock_vintage,forecast,global_liquids_consumption,World,104.868446,mb/d,EIA world petroleum and other liquid fuels consumption.,petroleum_and_other_liquid_fuels,high,https://www.eia.gov/outlooks/steo/archives/may26_base.xlsx,EIA archive Table 3c row 'World total' and Table 3e row 'World total'. Past-month values remain estimates subject to revision; the workbook groups estimates and forecasts.
eia_may26_202608_global_liquids_supply,2026-08,2026-08,2026-05-12,EIA STEO May 2026,EIA_STEO,postshock_vintage,forecast,global_liquids_supply,World,100.675301,mb/d,EIA world petroleum and other liquid fuels production.,petroleum_and_other_liquid_fuels,high,https://www.eia.gov/outlooks/steo/archives/may26_base.xlsx,EIA archive Table 3c row 'World total' and Table 3e row 'World total'. Past-month values remain estimates subject to revision; the workbook groups estimates and forecasts.
eia_may26_202608_implied_global_inventory_change,2026-08,2026-08,2026-05-12,EIA STEO May 2026,EIA_STEO,postshock_vintage,forecast,implied_global_inventory_change,World,-4.193145,mb/d,Arithmetic supply less consumption from the same EIA vintage; positive is a stock build and negative is a stock draw.,petroleum_and_other_liquid_fuels,medium_high,https://www.eia.gov/outlooks/steo/archives/may26_base.xlsx,EIA archive Table 3c row 'World total' and Table 3e row 'World total'. Past-month values remain estimates subject to revision; the workbook groups estimates and forecasts.
iea_may_mar_inventory,2026-03,2026-03,2026-05-13,IEA OMR May 2026,IEA_OMR_or_commentary,postshock_vintage,revised_preliminary_estimate,observed_inventory_change,World,-129,million_barrels,Observed total oil inventory change; negative is a draw.,crude_and_products_observed,medium_high,https://www.iea.org/reports/oil-market-report-may-2026,Revises the April OMR estimate of -85 mb.
iea_may_mar_onland,2026-03,2026-03,2026-05-13,IEA OMR May 2026,IEA_OMR_or_commentary,postshock_vintage,revised_preliminary_estimate,onshore_inventory_change,World,-12,million_barrels,Observed on-land stock change.,crude_and_products_observed,medium,https://www.iea.org/reports/oil-market-report-may-2026,May OMR publishes a matched global split: oil on water fell 117 mb; the separate 100 mb Middle East Gulf floating build is nested within the global result.
iea_may_mar_water,2026-03,2026-03,2026-05-13,IEA OMR May 2026,IEA_OMR_or_commentary,postshock_vintage,revised_preliminary_estimate,oil_on_water_change,World,-117,million_barrels,Observed global oil-on-water change.,crude_and_products_observed,medium,https://www.iea.org/reports/oil-market-report-may-2026,Supersedes use of the regional +100 mb Middle East Gulf floating-storage build as if it were the global change.
iea_may_apr_gulf_loss,2026-04,2026-04,2026-05-13,IEA OMR May 2026,IEA_OMR_or_commentary,postshock_vintage,preliminary_estimate,affected_gulf_output_loss_vs_prewar,Affected Gulf producers,14.4,mb/d,Output below pre-war levels for Gulf countries affected by the Hormuz closure.,total_oil,medium_high,https://www.iea.org/reports/oil-market-report-may-2026,Broader than EIA crude shut-ins.
iea_may_apr_inventory,2026-04,2026-04,2026-05-13,IEA OMR May 2026,IEA_OMR_or_commentary,postshock_vintage,preliminary_estimate,observed_inventory_change,World,-117,million_barrels,Observed total oil inventory change; negative is a draw.,crude_and_products_observed,medium,https://www.iea.org/reports/oil-market-report-may-2026,Includes oil on water.
iea_may_apr_onland,2026-04,2026-04,2026-05-13,IEA OMR May 2026,IEA_OMR_or_commentary,postshock_vintage,preliminary_estimate,onshore_inventory_change,World,-170,million_barrels,Observed on-land stock change.,crude_and_products_observed,medium,https://www.iea.org/reports/oil-market-report-may-2026,Oil on water rose by 53 mb in the same month.
iea_may_apr_supply,2026-04,2026-04,2026-05-13,IEA OMR May 2026,IEA_OMR_or_commentary,postshock_vintage,preliminary_estimate,global_oil_supply,World,95.1,mb/d,IEA total oil supply.,total_oil,high,https://www.iea.org/reports/oil-market-report-may-2026,A further 1.8 mb/d monthly fall.
iea_may_apr_supply_loss,2026-04,2026-04,2026-05-13,IEA OMR May 2026,IEA_OMR_or_commentary,postshock_vintage,preliminary_estimate,global_oil_supply_loss_vs_february,World,12.8,mb/d,February level less April global oil supply; positive is loss.,total_oil,high,https://www.iea.org/reports/oil-market-report-may-2026,"Level comparison, not a causal counterfactual."
iea_may_apr_water,2026-04,2026-04,2026-05-13,IEA OMR May 2026,IEA_OMR_or_commentary,postshock_vintage,preliminary_estimate,oil_on_water_change,World,53,million_barrels,Observed oil-on-water change.,crude_and_products_observed,medium,https://www.iea.org/reports/oil-market-report-may-2026,Do not add separately to the world total.
eia_jun26_202602_global_liquids_consumption,2026-02,2026-02,2026-06-09,EIA STEO Jun 2026,EIA_STEO,postshock_vintage,preliminary_estimate,global_liquids_consumption,World,104.424716,mb/d,EIA world petroleum and other liquid fuels consumption.,petroleum_and_other_liquid_fuels,high,https://www.eia.gov/outlooks/steo/archives/jun26_base.xlsx,EIA archive Table 3c row 'World total' and Table 3e row 'World total'. Past-month values remain estimates subject to revision; the workbook groups estimates and forecasts.
eia_jun26_202602_global_liquids_supply,2026-02,2026-02,2026-06-09,EIA STEO Jun 2026,EIA_STEO,postshock_vintage,preliminary_estimate,global_liquids_supply,World,107.308857,mb/d,EIA world petroleum and other liquid fuels production.,petroleum_and_other_liquid_fuels,high,https://www.eia.gov/outlooks/steo/archives/jun26_base.xlsx,EIA archive Table 3c row 'World total' and Table 3e row 'World total'. Past-month values remain estimates subject to revision; the workbook groups estimates and forecasts.
eia_jun26_202602_implied_global_inventory_change,2026-02,2026-02,2026-06-09,EIA STEO Jun 2026,EIA_STEO,postshock_vintage,preliminary_estimate,implied_global_inventory_change,World,2.88414,mb/d,Arithmetic supply less consumption from the same EIA vintage; positive is a stock build and negative is a stock draw.,petroleum_and_other_liquid_fuels,medium_high,https://www.eia.gov/outlooks/steo/archives/jun26_base.xlsx,EIA archive Table 3c row 'World total' and Table 3e row 'World total'. Past-month values remain estimates subject to revision; the workbook groups estimates and forecasts.
eia_jun26_202603_global_liquids_consumption,2026-03,2026-03,2026-06-09,EIA STEO Jun 2026,EIA_STEO,postshock_vintage,preliminary_estimate,global_liquids_consumption,World,101.889759,mb/d,EIA world petroleum and other liquid fuels consumption.,petroleum_and_other_liquid_fuels,high,https://www.eia.gov/outlooks/steo/archives/jun26_base.xlsx,EIA archive Table 3c row 'World total' and Table 3e row 'World total'. Past-month values remain estimates subject to revision; the workbook groups estimates and forecasts.
eia_jun26_202603_global_liquids_supply,2026-03,2026-03,2026-06-09,EIA STEO Jun 2026,EIA_STEO,postshock_vintage,preliminary_estimate,global_liquids_supply,World,97.315966,mb/d,EIA world petroleum and other liquid fuels production.,petroleum_and_other_liquid_fuels,high,https://www.eia.gov/outlooks/steo/archives/jun26_base.xlsx,EIA archive Table 3c row 'World total' and Table 3e row 'World total'. Past-month values remain estimates subject to revision; the workbook groups estimates and forecasts.
eia_jun26_202603_implied_global_inventory_change,2026-03,2026-03,2026-06-09,EIA STEO Jun 2026,EIA_STEO,postshock_vintage,preliminary_estimate,implied_global_inventory_change,World,-4.573792,mb/d,Arithmetic supply less consumption from the same EIA vintage; positive is a stock build and negative is a stock draw.,petroleum_and_other_liquid_fuels,medium_high,https://www.eia.gov/outlooks/steo/archives/jun26_base.xlsx,EIA archive Table 3c row 'World total' and Table 3e row 'World total'. Past-month values remain estimates subject to revision; the workbook groups estimates and forecasts.
eia_jun26_202604_global_liquids_consumption,2026-04,2026-04,2026-06-09,EIA STEO Jun 2026,EIA_STEO,postshock_vintage,preliminary_estimate,global_liquids_consumption,World,99.934435,mb/d,EIA world petroleum and other liquid fuels consumption.,petroleum_and_other_liquid_fuels,high,https://www.eia.gov/outlooks/steo/archives/jun26_base.xlsx,EIA archive Table 3c row 'World total' and Table 3e row 'World total'. Past-month values remain estimates subject to revision; the workbook groups estimates and forecasts.
eia_jun26_202604_global_liquids_supply,2026-04,2026-04,2026-06-09,EIA STEO Jun 2026,EIA_STEO,postshock_vintage,preliminary_estimate,global_liquids_supply,World,94.53791,mb/d,EIA world petroleum and other liquid fuels production.,petroleum_and_other_liquid_fuels,high,https://www.eia.gov/outlooks/steo/archives/jun26_base.xlsx,EIA archive Table 3c row 'World total' and Table 3e row 'World total'. Past-month values remain estimates subject to revision; the workbook groups estimates and forecasts.
eia_jun26_202604_implied_global_inventory_change,2026-04,2026-04,2026-06-09,EIA STEO Jun 2026,EIA_STEO,postshock_vintage,preliminary_estimate,implied_global_inventory_change,World,-5.396525,mb/d,Arithmetic supply less consumption from the same EIA vintage; positive is a stock build and negative is a stock draw.,petroleum_and_other_liquid_fuels,medium_high,https://www.eia.gov/outlooks/steo/archives/jun26_base.xlsx,EIA archive Table 3c row 'World total' and Table 3e row 'World total'. Past-month values remain estimates subject to revision; the workbook groups estimates and forecasts.
eia_jun26_202605_global_liquids_consumption,2026-05,2026-05,2026-06-09,EIA STEO Jun 2026,EIA_STEO,postshock_vintage,preliminary_estimate,global_liquids_consumption,World,99.730376,mb/d,EIA world petroleum and other liquid fuels consumption.,petroleum_and_other_liquid_fuels,high,https://www.eia.gov/outlooks/steo/archives/jun26_base.xlsx,EIA archive Table 3c row 'World total' and Table 3e row 'World total'. Past-month values remain estimates subject to revision; the workbook groups estimates and forecasts.
eia_jun26_202605_global_liquids_supply,2026-05,2026-05,2026-06-09,EIA STEO Jun 2026,EIA_STEO,postshock_vintage,preliminary_estimate,global_liquids_supply,World,93.719393,mb/d,EIA world petroleum and other liquid fuels production.,petroleum_and_other_liquid_fuels,high,https://www.eia.gov/outlooks/steo/archives/jun26_base.xlsx,EIA archive Table 3c row 'World total' and Table 3e row 'World total'. Past-month values remain estimates subject to revision; the workbook groups estimates and forecasts.
eia_jun26_202605_implied_global_inventory_change,2026-05,2026-05,2026-06-09,EIA STEO Jun 2026,EIA_STEO,postshock_vintage,preliminary_estimate,implied_global_inventory_change,World,-6.010984,mb/d,Arithmetic supply less consumption from the same EIA vintage; positive is a stock build and negative is a stock draw.,petroleum_and_other_liquid_fuels,medium_high,https://www.eia.gov/outlooks/steo/archives/jun26_base.xlsx,EIA archive Table 3c row 'World total' and Table 3e row 'World total'. Past-month values remain estimates subject to revision; the workbook groups estimates and forecasts.
eia_jun26_202606_global_liquids_consumption,2026-06,2026-06,2026-06-09,EIA STEO Jun 2026,EIA_STEO,postshock_vintage,forecast,global_liquids_consumption,World,101.547539,mb/d,EIA world petroleum and other liquid fuels consumption.,petroleum_and_other_liquid_fuels,high,https://www.eia.gov/outlooks/steo/archives/jun26_base.xlsx,EIA archive Table 3c row 'World total' and Table 3e row 'World total'. Past-month values remain estimates subject to revision; the workbook groups estimates and forecasts.
eia_jun26_202606_global_liquids_supply,2026-06,2026-06,2026-06-09,EIA STEO Jun 2026,EIA_STEO,postshock_vintage,forecast,global_liquids_supply,World,94.194624,mb/d,EIA world petroleum and other liquid fuels production.,petroleum_and_other_liquid_fuels,high,https://www.eia.gov/outlooks/steo/archives/jun26_base.xlsx,EIA archive Table 3c row 'World total' and Table 3e row 'World total'. Past-month values remain estimates subject to revision; the workbook groups estimates and forecasts.
eia_jun26_202606_implied_global_inventory_change,2026-06,2026-06,2026-06-09,EIA STEO Jun 2026,EIA_STEO,postshock_vintage,forecast,implied_global_inventory_change,World,-7.352915,mb/d,Arithmetic supply less consumption from the same EIA vintage; positive is a stock build and negative is a stock draw.,petroleum_and_other_liquid_fuels,medium_high,https://www.eia.gov/outlooks/steo/archives/jun26_base.xlsx,EIA archive Table 3c row 'World total' and Table 3e row 'World total'. Past-month values remain estimates subject to revision; the workbook groups estimates and forecasts.
eia_jun26_202607_global_liquids_consumption,2026-07,2026-07,2026-06-09,EIA STEO Jun 2026,EIA_STEO,postshock_vintage,forecast,global_liquids_consumption,World,101.698637,mb/d,EIA world petroleum and other liquid fuels consumption.,petroleum_and_other_liquid_fuels,high,https://www.eia.gov/outlooks/steo/archives/jun26_base.xlsx,EIA archive Table 3c row 'World total' and Table 3e row 'World total'. Past-month values remain estimates subject to revision; the workbook groups estimates and forecasts.
eia_jun26_202607_global_liquids_supply,2026-07,2026-07,2026-06-09,EIA STEO Jun 2026,EIA_STEO,postshock_vintage,forecast,global_liquids_supply,World,94.232834,mb/d,EIA world petroleum and other liquid fuels production.,petroleum_and_other_liquid_fuels,high,https://www.eia.gov/outlooks/steo/archives/jun26_base.xlsx,EIA archive Table 3c row 'World total' and Table 3e row 'World total'. Past-month values remain estimates subject to revision; the workbook groups estimates and forecasts.
eia_jun26_202607_implied_global_inventory_change,2026-07,2026-07,2026-06-09,EIA STEO Jun 2026,EIA_STEO,postshock_vintage,forecast,implied_global_inventory_change,World,-7.465803,mb/d,Arithmetic supply less consumption from the same EIA vintage; positive is a stock build and negative is a stock draw.,petroleum_and_other_liquid_fuels,medium_high,https://www.eia.gov/outlooks/steo/archives/jun26_base.xlsx,EIA archive Table 3c row 'World total' and Table 3e row 'World total'. Past-month values remain estimates subject to revision; the workbook groups estimates and forecasts.
eia_jun26_202608_global_liquids_consumption,2026-08,2026-08,2026-06-09,EIA STEO Jun 2026,EIA_STEO,postshock_vintage,forecast,global_liquids_consumption,World,104.566165,mb/d,EIA world petroleum and other liquid fuels consumption.,petroleum_and_other_liquid_fuels,high,https://www.eia.gov/outlooks/steo/archives/jun26_base.xlsx,EIA archive Table 3c row 'World total' and Table 3e row 'World total'. Past-month values remain estimates subject to revision; the workbook groups estimates and forecasts.
eia_jun26_202608_global_liquids_supply,2026-08,2026-08,2026-06-09,EIA STEO Jun 2026,EIA_STEO,postshock_vintage,forecast,global_liquids_supply,World,96.326508,mb/d,EIA world petroleum and other liquid fuels production.,petroleum_and_other_liquid_fuels,high,https://www.eia.gov/outlooks/steo/archives/jun26_base.xlsx,EIA archive Table 3c row 'World total' and Table 3e row 'World total'. Past-month values remain estimates subject to revision; the workbook groups estimates and forecasts.
eia_jun26_202608_implied_global_inventory_change,2026-08,2026-08,2026-06-09,EIA STEO Jun 2026,EIA_STEO,postshock_vintage,forecast,implied_global_inventory_change,World,-8.239657,mb/d,Arithmetic supply less consumption from the same EIA vintage; positive is a stock build and negative is a stock draw.,petroleum_and_other_liquid_fuels,medium_high,https://www.eia.gov/outlooks/steo/archives/jun26_base.xlsx,EIA archive Table 3c row 'World total' and Table 3e row 'World total'. Past-month values remain estimates subject to revision; the workbook groups estimates and forecasts.
iea_jun_may_hormuz_low,2026-05,2026-05,2026-06-17,IEA OMR June 2026,IEA_OMR_or_commentary,postshock_vintage,preliminary_estimate,gulf_oil_flow,Gulf exports,9.6,mb/d,May low in total Gulf oil flows cited by IEA.,total_oil,medium,https://www.iea.org/reports/oil-market-report-june-2026,"The IEA text calls this a May low, not a monthly average."
iea_jun_may_inventory,2026-05,2026-05,2026-06-17,IEA OMR June 2026,IEA_OMR_or_commentary,postshock_vintage,preliminary_estimate,observed_inventory_change,World,-143,million_barrels,Observed total oil inventory change; negative is a draw.,crude_and_products_observed,medium,https://www.iea.org/reports/oil-market-report-june-2026,Superseded by the July OMR estimate of -73 mb.
iea_jun_may_supply,2026-05,2026-05,2026-06-17,IEA OMR June 2026,IEA_OMR_or_commentary,postshock_vintage,preliminary_estimate,global_oil_supply,World,94.5,mb/d,IEA total oil supply.,total_oil,high,https://www.iea.org/reports/oil-market-report-june-2026,Down 0.6 mb/d month on month.
iea_jun_may_supply_loss,2026-05,2026-05,2026-06-17,IEA OMR June 2026,IEA_OMR_or_commentary,postshock_vintage,preliminary_estimate,global_oil_supply_loss_vs_preconflict,World,13.6,mb/d,Pre-conflict level less May global oil supply; positive is loss.,total_oil,high,https://www.iea.org/reports/oil-market-report-june-2026,"Level comparison, not a causal counterfactual."
iea_jun_earlyjun_flow,2026-06,early June,2026-06-17,IEA OMR June 2026,IEA_OMR_or_commentary,postshock_vintage,point_in_time_estimate,gulf_oil_flow,Gulf exports,12,mb/d,Total Gulf oil flows after early-June rise.,total_oil,medium,https://www.iea.org/reports/oil-market-report-june-2026,Point-in-time level supported by ship-to-ship transfers; not a monthly average.
iea_commentary_prewar_hormuz,2026-02,pre-conflict,2026-06-22,IEA June adjustment commentary,IEA_OMR_or_commentary,postshock_vintage,baseline_estimate,hormuz_oil_flow,Strait of Hormuz,20,mb/d,Approximate oil flow through Hormuz before the conflict.,total_oil,medium_high,https://www.iea.org/commentaries/how-global-oil-supplies-have-readjusted-to-help-fill-the-huge-gap-left-by-the-strait-of-hormuz-shock,Rounded baseline.
iea_commentary_mar_uae_exports,2026-03,2026-03,2026-06-22,IEA June adjustment commentary,IEA_OMR_or_commentary,postshock_vintage,retrospective_estimate,total_oil_exports,United Arab Emirates,1.9,mb/d,UAE total oil exports.,total_oil,medium,https://www.iea.org/commentaries/how-global-oil-supplies-have-readjusted-to-help-fill-the-huge-gap-left-by-the-strait-of-hormuz-shock,Kpler-based IEA estimate.
iea_commentary_marmay_hormuz,2026-05,2026-03-01/2026-05-31,2026-06-22,IEA June adjustment commentary,IEA_OMR_or_commentary,postshock_vintage,period_average_estimate,hormuz_oil_flow,Strait of Hormuz,2.7,mb/d,Average oil flow through Hormuz during March-May.,total_oil,medium_high,https://www.iea.org/commentaries/how-global-oil-supplies-have-readjusted-to-help-fill-the-huge-gap-left-by-the-strait-of-hormuz-shock,Compare with IEA's roughly 20 mb/d pre-war level.
iea_commentary_marmay_stock_rate,2026-05,2026-03-01/2026-05-31,2026-06-22,IEA June adjustment commentary,IEA_OMR_or_commentary,postshock_vintage,period_average_estimate,observed_inventory_change_rate,World,-3.8,mb/d,Average observed inventory change since conflict start; negative is a draw.,crude_and_products_observed,medium,https://www.iea.org/commentaries/how-global-oil-supplies-have-readjusted-to-help-fill-the-huge-gap-left-by-the-strait-of-hormuz-shock,Later monthly revisions mean this should not replace the monthly ledger.
iea_commentary_jun_uae_exports,2026-06,early June,2026-06-22,IEA June adjustment commentary,IEA_OMR_or_commentary,postshock_vintage,point_in_time_estimate,total_oil_exports,United Arab Emirates,4.3,mb/d,UAE total oil exports.,total_oil,medium,https://www.iea.org/commentaries/how-global-oil-supplies-have-readjusted-to-help-fill-the-huge-gap-left-by-the-strait-of-hormuz-shock,"Early-June level, about 85% of pre-war exports."
iea_commentary_jun_yanbu,2026-06,early June,2026-06-22,IEA June adjustment commentary,IEA_OMR_or_commentary,postshock_vintage,point_in_time_estimate,non_hormuz_export_flow,Saudi Arabia via Yanbu,5,mb/d,Saudi oil exports from the Red Sea port of Yanbu.,total_oil,medium,https://www.iea.org/commentaries/how-global-oil-supplies-have-readjusted-to-help-fill-the-huge-gap-left-by-the-strait-of-hormuz-shock,IEA says more than 5 mb/d; value is a lower bound.
eia_jul26_202602_global_liquids_consumption,2026-02,2026-02,2026-07-07,EIA STEO Jul 2026,EIA_STEO,postshock_vintage,preliminary_estimate,global_liquids_consumption,World,104.279204,mb/d,EIA world petroleum and other liquid fuels consumption.,petroleum_and_other_liquid_fuels,high,https://www.eia.gov/outlooks/steo/archives/jul26_base.xlsx,EIA archive Table 3c row 'World total' and Table 3e row 'World total'. Past-month values remain estimates subject to revision; the workbook groups estimates and forecasts.
eia_jul26_202602_global_liquids_supply,2026-02,2026-02,2026-07-07,EIA STEO Jul 2026,EIA_STEO,postshock_vintage,preliminary_estimate,global_liquids_supply,World,108.695117,mb/d,EIA world petroleum and other liquid fuels production.,petroleum_and_other_liquid_fuels,high,https://www.eia.gov/outlooks/steo/archives/jul26_base.xlsx,EIA archive Table 3c row 'World total' and Table 3e row 'World total'. Past-month values remain estimates subject to revision; the workbook groups estimates and forecasts.
eia_jul26_202602_implied_global_inventory_change,2026-02,2026-02,2026-07-07,EIA STEO Jul 2026,EIA_STEO,postshock_vintage,preliminary_estimate,implied_global_inventory_change,World,4.415913,mb/d,Arithmetic supply less consumption from the same EIA vintage; positive is a stock build and negative is a stock draw.,petroleum_and_other_liquid_fuels,medium_high,https://www.eia.gov/outlooks/steo/archives/jul26_base.xlsx,EIA archive Table 3c row 'World total' and Table 3e row 'World total'. Past-month values remain estimates subject to revision; the workbook groups estimates and forecasts.
eia_jul26_202603_global_liquids_consumption,2026-03,2026-03,2026-07-07,EIA STEO Jul 2026,EIA_STEO,postshock_vintage,preliminary_estimate,global_liquids_consumption,World,101.981938,mb/d,EIA world petroleum and other liquid fuels consumption.,petroleum_and_other_liquid_fuels,high,https://www.eia.gov/outlooks/steo/archives/jul26_base.xlsx,EIA archive Table 3c row 'World total' and Table 3e row 'World total'. Past-month values remain estimates subject to revision; the workbook groups estimates and forecasts.
eia_jul26_202603_global_liquids_supply,2026-03,2026-03,2026-07-07,EIA STEO Jul 2026,EIA_STEO,postshock_vintage,preliminary_estimate,global_liquids_supply,World,97.382108,mb/d,EIA world petroleum and other liquid fuels production.,petroleum_and_other_liquid_fuels,high,https://www.eia.gov/outlooks/steo/archives/jul26_base.xlsx,EIA archive Table 3c row 'World total' and Table 3e row 'World total'. Past-month values remain estimates subject to revision; the workbook groups estimates and forecasts.
eia_jul26_202603_implied_global_inventory_change,2026-03,2026-03,2026-07-07,EIA STEO Jul 2026,EIA_STEO,postshock_vintage,preliminary_estimate,implied_global_inventory_change,World,-4.59983,mb/d,Arithmetic supply less consumption from the same EIA vintage; positive is a stock build and negative is a stock draw.,petroleum_and_other_liquid_fuels,medium_high,https://www.eia.gov/outlooks/steo/archives/jul26_base.xlsx,EIA archive Table 3c row 'World total' and Table 3e row 'World total'. Past-month values remain estimates subject to revision; the workbook groups estimates and forecasts.
eia_jul26_202604_global_liquids_consumption,2026-04,2026-04,2026-07-07,EIA STEO Jul 2026,EIA_STEO,postshock_vintage,preliminary_estimate,global_liquids_consumption,World,99.90995,mb/d,EIA world petroleum and other liquid fuels consumption.,petroleum_and_other_liquid_fuels,high,https://www.eia.gov/outlooks/steo/archives/jul26_base.xlsx,EIA archive Table 3c row 'World total' and Table 3e row 'World total'. Past-month values remain estimates subject to revision; the workbook groups estimates and forecasts.
eia_jul26_202604_global_liquids_supply,2026-04,2026-04,2026-07-07,EIA STEO Jul 2026,EIA_STEO,postshock_vintage,preliminary_estimate,global_liquids_supply,World,94.901217,mb/d,EIA world petroleum and other liquid fuels production.,petroleum_and_other_liquid_fuels,high,https://www.eia.gov/outlooks/steo/archives/jul26_base.xlsx,EIA archive Table 3c row 'World total' and Table 3e row 'World total'. Past-month values remain estimates subject to revision; the workbook groups estimates and forecasts.
eia_jul26_202604_implied_global_inventory_change,2026-04,2026-04,2026-07-07,EIA STEO Jul 2026,EIA_STEO,postshock_vintage,preliminary_estimate,implied_global_inventory_change,World,-5.008733,mb/d,Arithmetic supply less consumption from the same EIA vintage; positive is a stock build and negative is a stock draw.,petroleum_and_other_liquid_fuels,medium_high,https://www.eia.gov/outlooks/steo/archives/jul26_base.xlsx,EIA archive Table 3c row 'World total' and Table 3e row 'World total'. Past-month values remain estimates subject to revision; the workbook groups estimates and forecasts.
eia_jul26_202605_global_liquids_consumption,2026-05,2026-05,2026-07-07,EIA STEO Jul 2026,EIA_STEO,postshock_vintage,preliminary_estimate,global_liquids_consumption,World,99.764326,mb/d,EIA world petroleum and other liquid fuels consumption.,petroleum_and_other_liquid_fuels,high,https://www.eia.gov/outlooks/steo/archives/jul26_base.xlsx,EIA archive Table 3c row 'World total' and Table 3e row 'World total'. Past-month values remain estimates subject to revision; the workbook groups estimates and forecasts.
eia_jul26_202605_global_liquids_supply,2026-05,2026-05,2026-07-07,EIA STEO Jul 2026,EIA_STEO,postshock_vintage,preliminary_estimate,global_liquids_supply,World,93.477613,mb/d,EIA world petroleum and other liquid fuels production.,petroleum_and_other_liquid_fuels,high,https://www.eia.gov/outlooks/steo/archives/jul26_base.xlsx,EIA archive Table 3c row 'World total' and Table 3e row 'World total'. Past-month values remain estimates subject to revision; the workbook groups estimates and forecasts.
eia_jul26_202605_implied_global_inventory_change,2026-05,2026-05,2026-07-07,EIA STEO Jul 2026,EIA_STEO,postshock_vintage,preliminary_estimate,implied_global_inventory_change,World,-6.286712,mb/d,Arithmetic supply less consumption from the same EIA vintage; positive is a stock build and negative is a stock draw.,petroleum_and_other_liquid_fuels,medium_high,https://www.eia.gov/outlooks/steo/archives/jul26_base.xlsx,EIA archive Table 3c row 'World total' and Table 3e row 'World total'. Past-month values remain estimates subject to revision; the workbook groups estimates and forecasts.
eia_jul_may_middle_east_crude_shutin,2026-05,2026-05,2026-07-07,EIA STEO July 2026,EIA_STEO,postshock_vintage,preliminary_estimate,middle_east_crude_production_shutin,Middle East,11.2,mb/d,Peak May Middle East crude-production shut-ins assessed in the July STEO.,crude_oil,medium_high,https://www.eia.gov/outlooks/steo/report/global_oil.php,"Keep separate from IEA total-oil Gulf/pre-war loss estimates, which include a broader liquids taxonomy."
eia_jul26_202606_global_liquids_consumption,2026-06,2026-06,2026-07-07,EIA STEO Jul 2026,EIA_STEO,postshock_vintage,preliminary_estimate,global_liquids_consumption,World,101.40716,mb/d,EIA world petroleum and other liquid fuels consumption.,petroleum_and_other_liquid_fuels,high,https://www.eia.gov/outlooks/steo/archives/jul26_base.xlsx,EIA archive Table 3c row 'World total' and Table 3e row 'World total'. Past-month values remain estimates subject to revision; the workbook groups estimates and forecasts.
eia_jul26_202606_global_liquids_supply,2026-06,2026-06,2026-07-07,EIA STEO Jul 2026,EIA_STEO,postshock_vintage,preliminary_estimate,global_liquids_supply,World,97.459619,mb/d,EIA world petroleum and other liquid fuels production.,petroleum_and_other_liquid_fuels,high,https://www.eia.gov/outlooks/steo/archives/jul26_base.xlsx,EIA archive Table 3c row 'World total' and Table 3e row 'World total'. Past-month values remain estimates subject to revision; the workbook groups estimates and forecasts.
eia_jul26_202606_implied_global_inventory_change,2026-06,2026-06,2026-07-07,EIA STEO Jul 2026,EIA_STEO,postshock_vintage,preliminary_estimate,implied_global_inventory_change,World,-3.94754,mb/d,Arithmetic supply less consumption from the same EIA vintage; positive is a stock build and negative is a stock draw.,petroleum_and_other_liquid_fuels,medium_high,https://www.eia.gov/outlooks/steo/archives/jul26_base.xlsx,EIA archive Table 3c row 'World total' and Table 3e row 'World total'. Past-month values remain estimates subject to revision; the workbook groups estimates and forecasts.
eia_jul_jun_middle_east_crude_shutin,2026-06,2026-06,2026-07-07,EIA STEO July 2026,EIA_STEO,postshock_vintage,preliminary_estimate,middle_east_crude_production_shutin,Middle East,8.3,mb/d,Average June Middle East crude-production shut-ins after flows resumed.,crude_oil,medium_high,https://www.eia.gov/outlooks/steo/report/global_oil.php,"Keep separate from IEA total-oil Gulf/pre-war loss estimates, which include a broader liquids taxonomy."
eia_jul26_202607_global_liquids_consumption,2026-07,2026-07,2026-07-07,EIA STEO Jul 2026,EIA_STEO,postshock_vintage,forecast,global_liquids_consumption,World,101.573842,mb/d,EIA world petroleum and other liquid fuels consumption.,petroleum_and_other_liquid_fuels,high,https://www.eia.gov/outlooks/steo/archives/jul26_base.xlsx,EIA archive Table 3c row 'World total' and Table 3e row 'World total'. Past-month values remain estimates subject to revision; the workbook groups estimates and forecasts.
eia_jul26_202607_global_liquids_supply,2026-07,2026-07,2026-07-07,EIA STEO Jul 2026,EIA_STEO,postshock_vintage,forecast,global_liquids_supply,World,99.231581,mb/d,EIA world petroleum and other liquid fuels production.,petroleum_and_other_liquid_fuels,high,https://www.eia.gov/outlooks/steo/archives/jul26_base.xlsx,EIA archive Table 3c row 'World total' and Table 3e row 'World total'. Past-month values remain estimates subject to revision; the workbook groups estimates and forecasts.
eia_jul26_202607_implied_global_inventory_change,2026-07,2026-07,2026-07-07,EIA STEO Jul 2026,EIA_STEO,postshock_vintage,forecast,implied_global_inventory_change,World,-2.342261,mb/d,Arithmetic supply less consumption from the same EIA vintage; positive is a stock build and negative is a stock draw.,petroleum_and_other_liquid_fuels,medium_high,https://www.eia.gov/outlooks/steo/archives/jul26_base.xlsx,EIA archive Table 3c row 'World total' and Table 3e row 'World total'. Past-month values remain estimates subject to revision; the workbook groups estimates and forecasts.
eia_jul26_202608_global_liquids_consumption,2026-08,2026-08,2026-07-07,EIA STEO Jul 2026,EIA_STEO,postshock_vintage,forecast,global_liquids_consumption,World,104.38728,mb/d,EIA world petroleum and other liquid fuels consumption.,petroleum_and_other_liquid_fuels,high,https://www.eia.gov/outlooks/steo/archives/jul26_base.xlsx,EIA archive Table 3c row 'World total' and Table 3e row 'World total'. Past-month values remain estimates subject to revision; the workbook groups estimates and forecasts.
eia_jul26_202608_global_liquids_supply,2026-08,2026-08,2026-07-07,EIA STEO Jul 2026,EIA_STEO,postshock_vintage,forecast,global_liquids_supply,World,101.455183,mb/d,EIA world petroleum and other liquid fuels production.,petroleum_and_other_liquid_fuels,high,https://www.eia.gov/outlooks/steo/archives/jul26_base.xlsx,EIA archive Table 3c row 'World total' and Table 3e row 'World total'. Past-month values remain estimates subject to revision; the workbook groups estimates and forecasts.
eia_jul26_202608_implied_global_inventory_change,2026-08,2026-08,2026-07-07,EIA STEO Jul 2026,EIA_STEO,postshock_vintage,forecast,implied_global_inventory_change,World,-2.932097,mb/d,Arithmetic supply less consumption from the same EIA vintage; positive is a stock build and negative is a stock draw.,petroleum_and_other_liquid_fuels,medium_high,https://www.eia.gov/outlooks/steo/archives/jul26_base.xlsx,EIA archive Table 3c row 'World total' and Table 3e row 'World total'. Past-month values remain estimates subject to revision; the workbook groups estimates and forecasts.
iea_jul_prewar_gulf_exports,2026-02,pre-conflict average,2026-07-10,IEA OMR July 2026,IEA_OMR_or_commentary,postshock_vintage,baseline_estimate,total_oil_exports,Gulf producers,24,mb/d,Average total Gulf oil exports before the war.,total_oil,medium_high,https://www.iea.org/reports/oil-market-report-july-2026,Includes volumes bypassing Hormuz.
iea_jul_may_demand,2026-05,2026-05,2026-07-10,IEA OMR July 2026,IEA_OMR_or_commentary,postshock_vintage,revised_preliminary_estimate,global_oil_demand,World,97.9,mb/d,IEA total oil demand.,total_oil,medium_high,https://www.iea.org/reports/oil-market-report-july-2026,May nadir; 5.3 mb/d below May 2025.
iea_jul_may_inventory,2026-05,2026-05,2026-07-10,IEA OMR July 2026,IEA_OMR_or_commentary,postshock_vintage,revised_preliminary_estimate,observed_inventory_change,World,-73,million_barrels,Observed total oil inventory change; negative is a draw.,crude_and_products_observed,medium_high,https://www.iea.org/reports/oil-market-report-july-2026,Revises the June OMR estimate of -143 mb.
iea_jul_jun_gulf_exports,2026-06,2026-06,2026-07-10,IEA OMR July 2026,IEA_OMR_or_commentary,postshock_vintage,preliminary_estimate,total_oil_exports,Gulf producers,16.1,mb/d,Total Gulf oil exports including bypass routes.,total_oil,medium_high,https://www.iea.org/reports/oil-market-report-july-2026,Up 6.5 mb/d in June but below 24 mb/d pre-war average.
iea_jul_jun_gulf_prod_loss,2026-06,2026-06,2026-07-10,IEA OMR July 2026,IEA_OMR_or_commentary,postshock_vintage,preliminary_estimate,affected_gulf_output_loss_vs_prewar,Gulf producers,11.4,mb/d,Gulf production below pre-war levels; positive is loss.,total_oil,medium_high,https://www.iea.org/reports/oil-market-report-july-2026,Gulf production rose 3.5 mb/d in June.
iea_jul_jun_inventory,2026-06,2026-06,2026-07-10,IEA OMR July 2026,IEA_OMR_or_commentary,postshock_vintage,preliminary_estimate,observed_inventory_change,World,21,million_barrels,Observed total oil inventory change; positive is a build.,crude_and_products_observed,medium_high,https://www.iea.org/reports/oil-market-report-july-2026,Oil on water more than offset continued onshore draws.
iea_jul_jun_onshore,2026-06,2026-06,2026-07-10,IEA OMR July 2026,IEA_OMR_or_commentary,postshock_vintage,preliminary_estimate,onshore_inventory_change,World,-96,million_barrels,Observed onshore inventory change.,crude_and_products_observed,medium,https://www.iea.org/reports/oil-market-report-july-2026,Oil on water rose by 117 mb.
iea_jul_jun_runs_change,2026-06,2026-06,2026-07-10,IEA OMR July 2026,IEA_OMR_or_commentary,postshock_vintage,preliminary_estimate,global_refinery_crude_throughput_change_mom,World,1.5,mb/d,Monthly change in global refinery crude runs.,crude_throughput,medium_high,https://www.iea.org/reports/oil-market-report-july-2026,Runs were still 6 mb/d below June 2025.
iea_jul_jun_supply,2026-06,2026-06,2026-07-10,IEA OMR July 2026,IEA_OMR_or_commentary,postshock_vintage,preliminary_estimate,global_oil_supply,World,98.8,mb/d,IEA total oil supply.,total_oil,high,https://www.iea.org/reports/oil-market-report-july-2026,June partial reopening lifted supply by 4.1 mb/d.
iea_jul_jun_supply_loss,2026-06,2026-06,2026-07-10,IEA OMR July 2026,IEA_OMR_or_commentary,postshock_vintage,preliminary_estimate,global_oil_supply_loss_vs_prewar,World,9.4,mb/d,Pre-war level less June global oil supply; positive is loss.,total_oil,high,https://www.iea.org/reports/oil-market-report-july-2026,Preserves the June relaxation rather than treating March-June as one closure regime.
iea_jul_jun_water,2026-06,2026-06,2026-07-10,IEA OMR July 2026,IEA_OMR_or_commentary,postshock_vintage,preliminary_estimate,oil_on_water_change,World,117,million_barrels,Observed oil-on-water change.,crude_and_products_observed,medium,https://www.iea.org/reports/oil-market-report-july-2026,Do not treat all oil on water as delivered end-market supply.
eia_aug26_202602_global_liquids_consumption,2026-02,2026-02,2026-08-11,EIA STEO Aug 2026,EIA_STEO,postshock_vintage,preliminary_estimate,global_liquids_consumption,World,104.24076,mb/d,EIA world petroleum and other liquid fuels consumption.,petroleum_and_other_liquid_fuels,high,https://www.eia.gov/outlooks/steo/archives/aug26_base.xlsx,EIA archive Table 3c row 'World total' and Table 3e row 'World total'. Past-month values remain estimates subject to revision; the workbook groups estimates and forecasts.
eia_aug26_202602_global_liquids_supply,2026-02,2026-02,2026-08-11,EIA STEO Aug 2026,EIA_STEO,postshock_vintage,preliminary_estimate,global_liquids_supply,World,108.695417,mb/d,EIA world petroleum and other liquid fuels production.,petroleum_and_other_liquid_fuels,high,https://www.eia.gov/outlooks/steo/archives/aug26_base.xlsx,EIA archive Table 3c row 'World total' and Table 3e row 'World total'. Past-month values remain estimates subject to revision; the workbook groups estimates and forecasts.
eia_aug26_202602_implied_global_inventory_change,2026-02,2026-02,2026-08-11,EIA STEO Aug 2026,EIA_STEO,postshock_vintage,preliminary_estimate,implied_global_inventory_change,World,4.454657,mb/d,Arithmetic supply less consumption from the same EIA vintage; positive is a stock build and negative is a stock draw.,petroleum_and_other_liquid_fuels,medium_high,https://www.eia.gov/outlooks/steo/archives/aug26_base.xlsx,EIA archive Table 3c row 'World total' and Table 3e row 'World total'. Past-month values remain estimates subject to revision; the workbook groups estimates and forecasts.
eia_aug26_202603_global_liquids_consumption,2026-03,2026-03,2026-08-11,EIA STEO Aug 2026,EIA_STEO,postshock_vintage,preliminary_estimate,global_liquids_consumption,World,102.00911,mb/d,EIA world petroleum and other liquid fuels consumption.,petroleum_and_other_liquid_fuels,high,https://www.eia.gov/outlooks/steo/archives/aug26_base.xlsx,EIA archive Table 3c row 'World total' and Table 3e row 'World total'. Past-month values remain estimates subject to revision; the workbook groups estimates and forecasts.
eia_aug26_202603_global_liquids_supply,2026-03,2026-03,2026-08-11,EIA STEO Aug 2026,EIA_STEO,postshock_vintage,preliminary_estimate,global_liquids_supply,World,97.410188,mb/d,EIA world petroleum and other liquid fuels production.,petroleum_and_other_liquid_fuels,high,https://www.eia.gov/outlooks/steo/archives/aug26_base.xlsx,EIA archive Table 3c row 'World total' and Table 3e row 'World total'. Past-month values remain estimates subject to revision; the workbook groups estimates and forecasts.
eia_aug26_202603_implied_global_inventory_change,2026-03,2026-03,2026-08-11,EIA STEO Aug 2026,EIA_STEO,postshock_vintage,preliminary_estimate,implied_global_inventory_change,World,-4.598922,mb/d,Arithmetic supply less consumption from the same EIA vintage; positive is a stock build and negative is a stock draw.,petroleum_and_other_liquid_fuels,medium_high,https://www.eia.gov/outlooks/steo/archives/aug26_base.xlsx,EIA archive Table 3c row 'World total' and Table 3e row 'World total'. Past-month values remain estimates subject to revision; the workbook groups estimates and forecasts.
eia_aug26_202604_global_liquids_consumption,2026-04,2026-04,2026-08-11,EIA STEO Aug 2026,EIA_STEO,postshock_vintage,preliminary_estimate,global_liquids_consumption,World,99.439357,mb/d,EIA world petroleum and other liquid fuels consumption.,petroleum_and_other_liquid_fuels,high,https://www.eia.gov/outlooks/steo/archives/aug26_base.xlsx,EIA archive Table 3c row 'World total' and Table 3e row 'World total'. Past-month values remain estimates subject to revision; the workbook groups estimates and forecasts.
eia_aug26_202604_global_liquids_supply,2026-04,2026-04,2026-08-11,EIA STEO Aug 2026,EIA_STEO,postshock_vintage,preliminary_estimate,global_liquids_supply,World,95.125749,mb/d,EIA world petroleum and other liquid fuels production.,petroleum_and_other_liquid_fuels,high,https://www.eia.gov/outlooks/steo/archives/aug26_base.xlsx,EIA archive Table 3c row 'World total' and Table 3e row 'World total'. Past-month values remain estimates subject to revision; the workbook groups estimates and forecasts.
eia_aug26_202604_implied_global_inventory_change,2026-04,2026-04,2026-08-11,EIA STEO Aug 2026,EIA_STEO,postshock_vintage,preliminary_estimate,implied_global_inventory_change,World,-4.313608,mb/d,Arithmetic supply less consumption from the same EIA vintage; positive is a stock build and negative is a stock draw.,petroleum_and_other_liquid_fuels,medium_high,https://www.eia.gov/outlooks/steo/archives/aug26_base.xlsx,EIA archive Table 3c row 'World total' and Table 3e row 'World total'. Past-month values remain estimates subject to revision; the workbook groups estimates and forecasts.
eia_aug26_202605_global_liquids_consumption,2026-05,2026-05,2026-08-11,EIA STEO Aug 2026,EIA_STEO,postshock_vintage,preliminary_estimate,global_liquids_consumption,World,99.84886,mb/d,EIA world petroleum and other liquid fuels consumption.,petroleum_and_other_liquid_fuels,high,https://www.eia.gov/outlooks/steo/archives/aug26_base.xlsx,EIA archive Table 3c row 'World total' and Table 3e row 'World total'. Past-month values remain estimates subject to revision; the workbook groups estimates and forecasts.
eia_aug26_202605_global_liquids_supply,2026-05,2026-05,2026-08-11,EIA STEO Aug 2026,EIA_STEO,postshock_vintage,preliminary_estimate,global_liquids_supply,World,94.320815,mb/d,EIA world petroleum and other liquid fuels production.,petroleum_and_other_liquid_fuels,high,https://www.eia.gov/outlooks/steo/archives/aug26_base.xlsx,EIA archive Table 3c row 'World total' and Table 3e row 'World total'. Past-month values remain estimates subject to revision; the workbook groups estimates and forecasts.
eia_aug26_202605_implied_global_inventory_change,2026-05,2026-05,2026-08-11,EIA STEO Aug 2026,EIA_STEO,postshock_vintage,preliminary_estimate,implied_global_inventory_change,World,-5.528045,mb/d,Arithmetic supply less consumption from the same EIA vintage; positive is a stock build and negative is a stock draw.,petroleum_and_other_liquid_fuels,medium_high,https://www.eia.gov/outlooks/steo/archives/aug26_base.xlsx,EIA archive Table 3c row 'World total' and Table 3e row 'World total'. Past-month values remain estimates subject to revision; the workbook groups estimates and forecasts.
eia_aug26_202606_global_liquids_consumption,2026-06,2026-06,2026-08-11,EIA STEO Aug 2026,EIA_STEO,postshock_vintage,preliminary_estimate,global_liquids_consumption,World,101.722061,mb/d,EIA world petroleum and other liquid fuels consumption.,petroleum_and_other_liquid_fuels,high,https://www.eia.gov/outlooks/steo/archives/aug26_base.xlsx,EIA archive Table 3c row 'World total' and Table 3e row 'World total'. Past-month values remain estimates subject to revision; the workbook groups estimates and forecasts.
eia_aug26_202606_global_liquids_supply,2026-06,2026-06,2026-08-11,EIA STEO Aug 2026,EIA_STEO,postshock_vintage,preliminary_estimate,global_liquids_supply,World,98.973997,mb/d,EIA world petroleum and other liquid fuels production.,petroleum_and_other_liquid_fuels,high,https://www.eia.gov/outlooks/steo/archives/aug26_base.xlsx,EIA archive Table 3c row 'World total' and Table 3e row 'World total'. Past-month values remain estimates subject to revision; the workbook groups estimates and forecasts.
eia_aug26_202606_implied_global_inventory_change,2026-06,2026-06,2026-08-11,EIA STEO Aug 2026,EIA_STEO,postshock_vintage,preliminary_estimate,implied_global_inventory_change,World,-2.748065,mb/d,Arithmetic supply less consumption from the same EIA vintage; positive is a stock build and negative is a stock draw.,petroleum_and_other_liquid_fuels,medium_high,https://www.eia.gov/outlooks/steo/archives/aug26_base.xlsx,EIA archive Table 3c row 'World total' and Table 3e row 'World total'. Past-month values remain estimates subject to revision; the workbook groups estimates and forecasts.
eia_aug26_202607_global_liquids_consumption,2026-07,2026-07,2026-08-11,EIA STEO Aug 2026,EIA_STEO,postshock_vintage,preliminary_estimate,global_liquids_consumption,World,101.484418,mb/d,EIA world petroleum and other liquid fuels consumption.,petroleum_and_other_liquid_fuels,high,https://www.eia.gov/outlooks/steo/archives/aug26_base.xlsx,EIA archive Table 3c row 'World total' and Table 3e row 'World total'. Past-month values remain estimates subject to revision; the workbook groups estimates and forecasts.
eia_aug26_202607_global_liquids_supply,2026-07,2026-07,2026-08-11,EIA STEO Aug 2026,EIA_STEO,postshock_vintage,preliminary_estimate,global_liquids_supply,World,101.025491,mb/d,EIA world petroleum and other liquid fuels production.,petroleum_and_other_liquid_fuels,high,https://www.eia.gov/outlooks/steo/archives/aug26_base.xlsx,EIA archive Table 3c row 'World total' and Table 3e row 'World total'. Past-month values remain estimates subject to revision; the workbook groups estimates and forecasts.
eia_aug26_202607_implied_global_inventory_change,2026-07,2026-07,2026-08-11,EIA STEO Aug 2026,EIA_STEO,postshock_vintage,preliminary_estimate,implied_global_inventory_change,World,-0.458926,mb/d,Arithmetic supply less consumption from the same EIA vintage; positive is a stock build and negative is a stock draw.,petroleum_and_other_liquid_fuels,medium_high,https://www.eia.gov/outlooks/steo/archives/aug26_base.xlsx,EIA archive Table 3c row 'World total' and Table 3e row 'World total'. Past-month values remain estimates subject to revision; the workbook groups estimates and forecasts.
eia_aug26_202608_global_liquids_consumption,2026-08,2026-08,2026-08-11,EIA STEO Aug 2026,EIA_STEO,postshock_vintage,forecast,global_liquids_consumption,World,104.430551,mb/d,EIA world petroleum and other liquid fuels consumption.,petroleum_and_other_liquid_fuels,high,https://www.eia.gov/outlooks/steo/archives/aug26_base.xlsx,EIA archive Table 3c row 'World total' and Table 3e row 'World total'. Past-month values remain estimates subject to revision; the workbook groups estimates and forecasts.
eia_aug26_202608_global_liquids_supply,2026-08,2026-08,2026-08-11,EIA STEO Aug 2026,EIA_STEO,postshock_vintage,forecast,global_liquids_supply,World,98.291316,mb/d,EIA world petroleum and other liquid fuels production.,petroleum_and_other_liquid_fuels,high,https://www.eia.gov/outlooks/steo/archives/aug26_base.xlsx,EIA archive Table 3c row 'World total' and Table 3e row 'World total'. Past-month values remain estimates subject to revision; the workbook groups estimates and forecasts.
eia_aug26_202608_implied_global_inventory_change,2026-08,2026-08,2026-08-11,EIA STEO Aug 2026,EIA_STEO,postshock_vintage,forecast,implied_global_inventory_change,World,-6.139235,mb/d,Arithmetic supply less consumption from the same EIA vintage; positive is a stock build and negative is a stock draw.,petroleum_and_other_liquid_fuels,medium_high,https://www.eia.gov/outlooks/steo/archives/aug26_base.xlsx,EIA archive Table 3c row 'World total' and Table 3e row 'World total'. Past-month values remain estimates subject to revision; the workbook groups estimates and forecasts.
