row_id,record_type,scenario,multiplier,parent_row_id,period_start,period_end,current_demand_reduction_mb_d,scenario_demand_reduction_mb_d,incremental_demand_reduction_mb_d,incremental_non_demand_low_mb_d,incremental_non_demand_base_mb_d,incremental_non_demand_high_mb_d,residual_increment_low_mb_d,residual_increment_base_mb_d,residual_increment_high_mb_d,ongoing_absorber_flow_mb_d,channel,geography,sector_or_mechanism,historical_gap_million_bbl,historical_positive_gap_share_pct,continuity_benchmark_increment_mb_d,current_cost_tier,pressure_order,headroom_status,exhaustion_or_bound_date,bound_type,evidence_status,confidence,source_row_ids,source_urls,method,interpretation,consequences,caveat,non_additivity_rule
historical-demand-baseline,historical_baseline,march_june_2026_vintage_gap,,,2026-03-01,2026-06-30,3.600233,3.600233,0,,,,,,,,demand adjustment,World,all oil end uses,439.228394,,,,,,,,EIA February-minus-July demand-vintage difference,high_arithmetic_low_causal,p2k.10 exact-world,https://www.eia.gov/outlooks/steo/archives/feb26_base.xlsx | https://www.eia.gov/outlooks/steo/archives/jul26_base.xlsx,Divide the 439.228 mb March-June vintage gap by 122 calendar days.,"The scenario baseline is 3.600 mb/d, not a causal estimate of Hormuz-only conservation.",,The vintage gap includes ordinary forecast revision and contemporaneous shocks.,Headline denominator; country rows below are nested continuity benchmarks.
ongoing-bypass-flow,ongoing_absorber_flow,continued_q3_partial_flow,,,,,,,,,,,,,,3.4,Gulf bypass rerouting,Saudi Arabia / UAE / Iraq,existing non-Hormuz routes,,,,,,ongoing_3.4_mb_d_but_only_0.2_mb_d_possible_increment,,non_exhaustible_rate_ceiling_with_step_failure_risk,route reconstruction plus reported capacity,medium_low,p2k.7 system-bypass-summary,https://www.iea.org/commentaries/how-global-oil-supplies-have-readjusted-to-help-fill-the-huge-gap-left-by-the-strait-of-hormuz-shock | https://www.aramco.com/en/news-media/news/2026/aramco-announces-first-quarter-2026-results | https://www.thenationalnews.com/business/energy/2026/03/18/iraq-to-resume-oil-exports-via-turkeys-ceyhan-port-amid-regional-tensions/,Carry the p2k.7 current flow separately from incremental rate headroom.,Roughly 3.4 mb/d can persist but is already in the current accounting; it cannot be used again against a larger demand scenario.,,Upstream disruption avoidance and downstream market clearing are different accounting frames and are not additive.,Do not add this current flow to incremental headroom or emergency-stock releases.
incremental-bypass-headroom,incremental_headroom_component,continued_q3_partial_flow,,,,,,,,0,0,0.2,,,,,Gulf bypass rerouting,Iraq,possible additional Ceyhan flow,,,,,,possible_not_demonstrated,,flow_not_stock_no_exhaustion_date,government-indicated operational sensitivity,medium_low,p2k.7 iraq-ceyhan-operational,https://www.thenationalnews.com/business/energy/2026/03/18/iraq-to-resume-oil-exports-via-turkeys-ceyhan-port-amid-regional-tensions/ | https://www.iea.org/commentaries/how-global-oil-supplies-have-readjusted-to-help-fill-the-huge-gap-left-by-the-strait-of-hormuz-shock,Credit zero in low/base and the 0.2 mb/d indicated increment only in high.,This is the only specifically identified new bypass rate; Saudi and UAE are at demonstrated ceilings.,,"Political, gathering-system and terminal constraints can prevent delivery.",Included in the high headroom envelope; do not add again.
incremental-forward-balance,incremental_headroom_component,continued_q3_partial_flow_2027,,,,,,,,0,0.053113,0.50188,,,,,non-Gulf supply and balance effects,World,surviving 2027 balance with Q3 shut-ins held,,,,,,conditional_forecast_flow_not_assured_capacity,,flow_not_stock_no_exhaustion_date,p2k.9 sensitivity,low_scenario_high_arithmetic,p2k.9 scenario-q3_partial_flow_hold_july_demand-low/base/high_surviving_balance,https://www.eia.gov/outlooks/steo/archives/jul26_base.xlsx | https://www.eia.gov/outlooks/steo/archives/jul26.pdf,Floor the -0.396 mb/d low balance at zero positive headroom; retain 0.053 base and 0.502 high.,"Only 0/0.053/0.502 mb/d of positive flow is creditable, not the reopening branch's 5.031 mb/d.",,Even 0.502 mb/d is a conditional forecast and the Q3 traffic proxy embeds June improvement.,Included once in the low/base/high incremental headroom envelope.
incremental-headroom-envelope,incremental_headroom_summary,continued_q3_partial_flow,,,,,,,,0,0.053113,0.70188,,,,,new non-demand flow,World,forward balance plus possible Iraq bypass increment,,,,,,0_to_0.702_mb_d_identified_base_0.053,,conditional_flow_envelope_no_exhaustion_date,synthesis of p2k.7 and p2k.9,low_medium,p2k.7 iraq-ceyhan-operational | p2k.9 verdict-no-reopening-credit,https://www.thenationalnews.com/business/energy/2026/03/18/iraq-to-resume-oil-exports-via-turkeys-ceyhan-port-amid-regional-tensions/ | https://www.iea.org/commentaries/how-global-oil-supplies-have-readjusted-to-help-fill-the-huge-gap-left-by-the-strait-of-hormuz-shock | https://www.eia.gov/outlooks/steo/archives/jul26_base.xlsx | https://www.eia.gov/outlooks/steo/archives/jul26.pdf,Sum only positive p2k.9 flow with the possible 0.2 mb/d Iraq increment in the high case.,New identified non-demand flow is 0.000/0.053/0.702 mb/d low/base/high.,,This is not assured capacity and excludes unknown global stock draw-rate expansion.,Summary of the preceding two incremental components.
ongoing-iea-stock-release,ongoing_absorber_flow,historical_average_not_committed_future_path,,,,,,,,,,,,,,2.19697,government oil stocks,IEA members,collective release,,,,,,historical_average_flow_usable_increment_unknown,2027-10-19,gross_zero_no_earlier_than_if_rate_constant,greater-than stock level plus historical average release,high_arithmetic_low_for_usable_duration,p2k.8 iea-government-zero-arithmetic-average-release-rate,https://www.iea.org/news/iea-executive-director-statement-on-oil-markets,"Carry 290/132=2.197 mb/d as an already-observed average, not as a promised forward rate.","Because gross stocks were greater than 1 bn barrels, physical zero at this rate cannot occur before 19 October 2027.",,"Country legal, operational, product and policy floors can bind earlier; >1 bn is not a measured stock and physical zero is not an operating floor.",Do not subtract this ongoing historical flow from the scenario increment; no additional global release-rate headroom is measured.
us-spr-operating-bound,stock_date_bound,constant_july_draw_rate,,,,,,,,,,,,,,0.5956,U.S. Strategic Petroleum Reserve,United States,gross inventory draw,,,,,,0_to_304.809_mb_above_unknown_operational_floor,2027-12-24,latest_possible_physical_zero_at_fixed_rate,observed gross level and endpoint draw rate,high_arithmetic_low_for_operating_horizon,p2k.8 us-spr-zero-bound-july-rate | us-spr-operational-floor,https://www.eia.gov/dnav/pet/hist/LeafHandler.ashx?f=W&n=PET&s=WCSSTUS1,Divide 304.809 mb by 0.5956 mb/d; keep the unpublished operating floor separate.,"Fixed-rate physical zero is about 24 December 2027, but usable operating duration is anywhere from zero to that upper bound.",,The U.S. row is nested inside the IEA system; GAO found capability and accessibility constraints before July.,Memo inside collective stocks; never add its rate or volume to the IEA total.
stock-exhaustion-verdict,exhaustion_verdict,continued_q3_partial_flow,,,,,,,,,,,,,,,government oil stocks,IEA members,usable draw capacity,,,,,,no_honest_single_usable_exhaustion_date,unknown; gross-zero guardrails 2027-10-19 and 2027-12-24,operating_floors_can_bind_earlier,known gross bounds; unknown country usable floors,high_for_nonidentification,p2k.8 iea-government-zero-arithmetic-average-release-rate | us-spr-operational-floor | iea-net-importer-aggregate-floor-april,https://www.iea.org/data-and-statistics/data-tools/oil-stocks-of-iea-countries | https://api.iea.org/netimports/monthly?year=2026&month=04,Refuse to convert gross physical-zero arithmetic into a usable system exhaustion forecast.,The requirement for a dated exhaustion result can only be met with bounds: no guaranteed stock horizon is identified.,,April aggregate statutory headroom of 0-46 import days cannot be converted to a release duration without country ownership and rates.,"Qualitative verdict, not a flow or volume row."
scenario-1.25x,scenario_headline,demand_1.25x,1.25,historical-demand-baseline,,,3.600233,4.500291,0.900058,0,0.053113,0.70188,0.900058,0.846945,0.198178,,demand adjustment,World,scenario total,,,,,,stock_rate_expansion_unknown_not_credited,no single usable-stock exhaustion date,illustrative_demand_scaling_not_forecast,scenario arithmetic anchored to p2k.10,high_arithmetic_low_scenario,p2k.10 exact-world | p2k.7/p2k.9 incremental-headroom inputs,https://www.eia.gov/outlooks/steo/archives/feb26_base.xlsx | https://www.eia.gov/outlooks/steo/archives/jul26_base.xlsx,Scale 439.228/122 mb/d; subtract only the 0/0.053/0.702 mb/d identified incremental non-demand flow envelope.,"Demand reduction rises from 3.600 to 4.500 mb/d, an increment of 0.900 mb/d.","The extra 0.9 mb/d is still of tier-2 scale, but installed switching is already bounded. The marginal burden is therefore more refinery/petrochemical throughput, aviation and discretionary mobility loss, with tier-3 LPG and livelihood pockets widening.","Unknown additional stock draw-rate capability could reduce the increment, but no defensible global rate headroom is published.",Landing rows are nested continuity benchmarks and sum to this increment; headroom component rows are separate.
scenario-1.25x-stock-stop-sensitivity,stock_flow_stop_sensitivity,demand_1.25x_plus_stock_flow_loss,1.25,scenario-1.25x,,,3.600233,6.697261,3.097028,,,,,,,2.19697,demand adjustment replacing stock flow,World,mechanical loss of a collective-release flow equal to the historical average,,,,,,sensitivity_only_no_committed_forward_stock_rate,unknown; no usable-stock exhaustion date identified,mechanical_flow_substitution_not_forecast,scenario calculation using p2k.8 historical average rate,high_arithmetic_low_scenario,p2k.8 iea-government-zero-arithmetic-average-release-rate,https://www.iea.org/news/iea-executive-director-statement-on-oil-markets,"Add 2.197 mb/d to required demand adjustment if a same-sized future stock flow is present and then disappears, all else equal.",Loss of a 2.197 mb/d stock flow would raise this scenario's demand requirement to 6.697 mb/d.,This is why stock durability is different from bypass durability: cessation creates a new flow hole even if the original demand cuts persist.,"The 2.197 mb/d is 290/132 historical average execution, not evidence that the same rate is continuing or committed.",Sensitivity branching from the headline; do not add to the scenario or landing rows.
scenario-1.25x-northeast-asia-industrial,country_sector_landing,demand_1.25x,1.25,scenario-1.25x,,,3.600233,4.500291,0.900058,,,,,,,,demand adjustment,China / Japan / South Korea,"refinery, naphtha/petrochemical, aviation and mobility cuts",131.573881,28.922615,0.26032,2_to_3,1_large_existing_absorber_but_cheap_switching_capped,,,,p2k.10 gap allocation plus p2k.3 mechanism evidence,low_for_landing_medium_for_direction,p2k.10 exact-country-china | exact-country-japan | allocation-asia-and-oceania-south-korea; p2k.3 china-refinery-petrochemical | japan-naphtha-refining | korea-petrochemical-refining,https://www.stats.gov.cn/english/PressRelease/202607/t20260717_1964155.html | https://www.meti.go.jp/english/press/2026/0515_003.html | https://www.kpler.com/blog/drawing-down-how-the-market-is-absorbing-the-hormuz-shock-2,Allocate the global increment pro rata to positive current-gap clusters as a continuity benchmark only.,Mechanical continuity benchmark: 0.260 mb/d of the 0.900 mb/d increment; marginal pressure is classified separately.,"The extra 0.9 mb/d is still of tier-2 scale, but installed switching is already bounded. The marginal burden is therefore more refinery/petrochemical throughput, aviation and discretionary mobility loss, with tier-3 LPG and livelihood pockets widening.",This number is not a country forecast; p2k.10 includes low-fidelity neutral-share allocations and the true marginal distribution will tilt toward constrained tier-2/3 uses.,Nested in the scenario headline; cluster rows sum to the scenario increment.
scenario-1.25x-gulf-fragile,country_sector_landing,demand_1.25x,1.25,scenario-1.25x,,,3.600233,4.500291,0.900058,,,,,,,,demand adjustment,Iran / Iraq / Kuwait / Qatar / other Middle East,"hydrocarbon activity, trade, aviation, logistics and services",69.80146,15.34378,0.138103,2_to_3_and_3,1_conflict_damage_and_service_disruption,,,,p2k.10 gap allocation plus p2k.3 mechanism evidence,low_for_landing_medium_for_direction,p2k.10 allocation-middle-east-iran | allocation-middle-east-iraq | allocation-middle-east-kuwait | allocation-middle-east-qatar | allocation-middle-east-other-middle-east; p2k.3 mena-iraq-kuwait-qatar | mena-iran | mena-aviation-tourism,https://thedocs.worldbank.org/en/doc/2b672b3b0415d6b66c45b66579db4ef5-0050012026/related/GEP-Jun-2026-Regional-Highlights-MNA.pdf | https://www.worldbank.org/en/news/press-release/2026/06/11/global-economic-prospects-june-2026-press-release,Allocate the global increment pro rata to positive current-gap clusters as a continuity benchmark only.,Mechanical continuity benchmark: 0.138 mb/d of the 0.900 mb/d increment; marginal pressure is classified separately.,"The extra 0.9 mb/d is still of tier-2 scale, but installed switching is already bounded. The marginal burden is therefore more refinery/petrochemical throughput, aviation and discretionary mobility loss, with tier-3 LPG and livelihood pockets widening.",This number is not a country forecast; p2k.10 includes low-fidelity neutral-share allocations and the true marginal distribution will tilt toward constrained tier-2/3 uses.,Nested in the scenario headline; cluster rows sum to the scenario increment.
scenario-1.25x-gulf-diversified,country_sector_landing,demand_1.25x,1.25,scenario-1.25x,,,3.600233,4.500291,0.900058,,,,,,,,demand adjustment,Saudi Arabia / United Arab Emirates,"refinery/output, aviation and service activity",65.063519,14.302285,0.128729,2_to_3,2_bypass_cushion_but_activity_drag,,,,p2k.10 gap allocation plus p2k.3 mechanism evidence,low_for_landing_medium_for_direction,p2k.10 allocation-middle-east-saudi-arabia | allocation-middle-east-united-arab-emirates; p2k.3 mena-saudi-uae | mena-aviation-tourism,https://thedocs.worldbank.org/en/doc/2b672b3b0415d6b66c45b66579db4ef5-0050012026/related/GEP-Jun-2026-Regional-Highlights-MNA.pdf | https://www.worldbank.org/en/news/press-release/2026/06/11/global-economic-prospects-june-2026-press-release,Allocate the global increment pro rata to positive current-gap clusters as a continuity benchmark only.,Mechanical continuity benchmark: 0.129 mb/d of the 0.900 mb/d increment; marginal pressure is classified separately.,"The extra 0.9 mb/d is still of tier-2 scale, but installed switching is already bounded. The marginal burden is therefore more refinery/petrochemical throughput, aviation and discretionary mobility loss, with tier-3 LPG and livelihood pockets widening.",This number is not a country forecast; p2k.10 includes low-fidelity neutral-share allocations and the true marginal distribution will tilt toward constrained tier-2/3 uses.,Nested in the scenario headline; cluster rows sum to the scenario increment.
scenario-1.25x-india-mixed,country_sector_landing,demand_1.25x,1.25,scenario-1.25x,,,3.600233,4.500291,0.900058,,,,,,,,demand adjustment,India,"cooking LPG, industrial feedstocks and discretionary mobility",33.539625,7.372692,0.066359,1_to_3_mixed,1_lpg_and_feedstock_constraints,,,,p2k.10 gap allocation plus p2k.3 mechanism evidence,low_for_landing_medium_for_direction,p2k.10 exact-country-india; p2k.3 india-installed-switching | india-lpg-cooking | india-industrial-feedstock,https://www.pib.gov.in/PressReleasePage.aspx?PRID=2239794&lang=1&reg=3 | https://www.pib.gov.in/PressReleasePage.aspx?PRID=2239172&lang=1&reg=3 | https://www.pib.gov.in/PressReleasePage.aspx?PRID=2248873&lang=1&reg=3,Allocate the global increment pro rata to positive current-gap clusters as a continuity benchmark only.,Mechanical continuity benchmark: 0.066 mb/d of the 0.900 mb/d increment; marginal pressure is classified separately.,"The extra 0.9 mb/d is still of tier-2 scale, but installed switching is already bounded. The marginal burden is therefore more refinery/petrochemical throughput, aviation and discretionary mobility loss, with tier-3 LPG and livelihood pockets widening.",This number is not a country forecast; p2k.10 includes low-fidelity neutral-share allocations and the true marginal distribution will tilt toward constrained tier-2/3 uses.,Nested in the scenario headline; cluster rows sum to the scenario increment.
scenario-1.25x-southeast-asia,country_sector_landing,demand_1.25x,1.25,scenario-1.25x,,,3.600233,4.500291,0.900058,,,,,,,,demand adjustment,Indonesia / Thailand / Malaysia / Singapore / Viet Nam / Philippines,"biofuel/transit switching, telework, travel cuts and fishing fuel",55.857573,12.27863,0.110515,1_to_3_mixed,2_installed_options_then_fragile_livelihoods,,,,p2k.10 gap allocation plus p2k.3 mechanism evidence,low_for_landing_medium_for_direction,p2k.10 allocation-asia-and-oceania-indonesia | allocation-asia-and-oceania-thailand | allocation-asia-and-oceania-malaysia | allocation-asia-and-oceania-singapore | allocation-asia-and-oceania-vietnam | allocation-asia-and-oceania-philippines; p2k.3 sea-indonesia-biofuel | sea-thailand-public-sector-travel | sea-malaysia-telework-travel | sea-singapore-public-transit | sea-vietnam-realized-demand | sea-philippines-fishing,https://ekon.go.id/files/iru/1780541136_%5BEkon%20Version%5D%20IRU%20Presentation%20Book%20-%20Juni%202026.pdf | https://www.iea.org/reports/southeast-asia-energy-outlook-2026/southeast-asia-s-energy-challenges-and-emerging-opportunities | https://thailand.prd.go.th/en/content/category/detail/id/48/iid/484293 | https://www.thaigov.go.th/en/news/162887 | https://www.da.gov.ph/wp-content/uploads/2026/03/Clippings-for-March-4-2026.pdf,Allocate the global increment pro rata to positive current-gap clusters as a continuity benchmark only.,Mechanical continuity benchmark: 0.111 mb/d of the 0.900 mb/d increment; marginal pressure is classified separately.,"The extra 0.9 mb/d is still of tier-2 scale, but installed switching is already bounded. The marginal burden is therefore more refinery/petrochemical throughput, aviation and discretionary mobility loss, with tier-3 LPG and livelihood pockets widening.",This number is not a country forecast; p2k.10 includes low-fidelity neutral-share allocations and the true marginal distribution will tilt toward constrained tier-2/3 uses.,Nested in the scenario headline; cluster rows sum to the scenario increment.
scenario-1.25x-other-asia-oceania,country_sector_landing,demand_1.25x,1.25,scenario-1.25x,,,3.600233,4.500291,0.900058,,,,,,,,demand adjustment,Taiwan / Australia / other Asia and Oceania,unresolved transport and industrial oil uses,35.117552,7.719552,0.06948,unknown,3_data_gap_not_low_cost_evidence,,,,p2k.10 gap allocation plus p2k.3 mechanism evidence,low_for_landing_medium_for_direction,p2k.10 allocation-asia-and-oceania-taiwan | allocation-asia-and-oceania-australia | allocation-asia-and-oceania-other-asia-and-oceania,,Allocate the global increment pro rata to positive current-gap clusters as a continuity benchmark only.,Mechanical continuity benchmark: 0.069 mb/d of the 0.900 mb/d increment; marginal pressure is classified separately.,"The extra 0.9 mb/d is still of tier-2 scale, but installed switching is already bounded. The marginal burden is therefore more refinery/petrochemical throughput, aviation and discretionary mobility loss, with tier-3 LPG and livelihood pockets widening.",This number is not a country forecast; p2k.10 includes low-fidelity neutral-share allocations and the true marginal distribution will tilt toward constrained tier-2/3 uses.,Nested in the scenario headline; cluster rows sum to the scenario increment.
scenario-1.25x-africa-import-pressure,country_sector_landing,demand_1.25x,1.25,scenario-1.25x,,,3.600233,4.500291,0.900058,,,,,,,,demand adjustment,Egypt / Kenya / Nigeria / South Africa / Algeria / other Africa,"freight and food distribution, mobility, retail activity and cooking LPG",26.559968,5.838421,0.052549,2_to_3_and_3,1_small_barrels_high_essential_service_cost,,,,p2k.10 gap allocation plus p2k.3 mechanism evidence,low_for_landing_medium_for_direction,p2k.10 allocation-africa-egypt | allocation-africa-kenya | allocation-africa-nigeria | allocation-africa-south-africa | allocation-africa-algeria | allocation-africa-other-africa; p2k.3 africa-egypt-conservation | africa-transport-food | africa-kenya-lpg,https://sis.gov.eg/en/media-center/news/pm-announces-fresh-energy-rationing-measures-amid-regional-crisis/ | https://www.afdb.org/sites/default/files/documents/publications/policy_paper-the_impact_of_the_middle_east_conflict_on_african_economies.pdf | https://apnews.com/article/b7fbb4297f435974588d978ba8465ab9 | https://www.iea.org/commentaries/energy-crisis-threatens-world-s-most-vulnerable-as-cooking-fuel-shortages-grow,Allocate the global increment pro rata to positive current-gap clusters as a continuity benchmark only.,Mechanical continuity benchmark: 0.053 mb/d of the 0.900 mb/d increment; marginal pressure is classified separately.,"The extra 0.9 mb/d is still of tier-2 scale, but installed switching is already bounded. The marginal burden is therefore more refinery/petrochemical throughput, aviation and discretionary mobility loss, with tier-3 LPG and livelihood pockets widening.",This number is not a country forecast; p2k.10 includes low-fidelity neutral-share allocations and the true marginal distribution will tilt toward constrained tier-2/3 uses.,Nested in the scenario headline; cluster rows sum to the scenario increment.
scenario-1.25x-other-positive-regions,country_sector_landing,demand_1.25x,1.25,scenario-1.25x,,,3.600233,4.500291,0.900058,,,,,,,,demand adjustment,Europe / Eurasia / Central and South America,"aviation, refining, transport and heterogeneous regional adjustment",37.403388,8.222025,0.074003,1_to_3_mixed,3_more_diversified_but_aviation_and_refining_exposed,,,,p2k.10 gap allocation plus p2k.3 mechanism evidence,low_for_landing_medium_for_direction,p2k.10 exact-region-europe | exact-region-eurasia | exact-region-central-and-south-america; p2k.3 europe-installed-switching | europe-aviation | eurasia-russia-refining,https://energy.ec.europa.eu/news/commission-provides-eu-countries-practical-examples-address-energy-crisis-2026-05-13_en | https://energy.ec.europa.eu/news/eu-continues-monitor-oil-market-situation-and-prepares-coordinated-response-address-jet-fuel-supply-2026-05-18_en | https://www.iea.org/reports/oil-market-report-july-2026,Allocate the global increment pro rata to positive current-gap clusters as a continuity benchmark only.,Mechanical continuity benchmark: 0.074 mb/d of the 0.900 mb/d increment; marginal pressure is classified separately.,"The extra 0.9 mb/d is still of tier-2 scale, but installed switching is already bounded. The marginal burden is therefore more refinery/petrochemical throughput, aviation and discretionary mobility loss, with tier-3 LPG and livelihood pockets widening.",This number is not a country forecast; p2k.10 includes low-fidelity neutral-share allocations and the true marginal distribution will tilt toward constrained tier-2/3 uses.,Nested in the scenario headline; cluster rows sum to the scenario increment.
scenario-1.50x,scenario_headline,demand_1.50x,1.5,historical-demand-baseline,,,3.600233,5.400349,1.800116,0,0.053113,0.70188,1.800116,1.747003,1.098236,,demand adjustment,World,scenario total,,,,,,stock_rate_expansion_unknown_not_credited,no single usable-stock exhaustion date,illustrative_demand_scaling_not_forecast,scenario arithmetic anchored to p2k.10,high_arithmetic_low_scenario,p2k.10 exact-world | p2k.7/p2k.9 incremental-headroom inputs,https://www.eia.gov/outlooks/steo/archives/feb26_base.xlsx | https://www.eia.gov/outlooks/steo/archives/jul26_base.xlsx,Scale 439.228/122 mb/d; subtract only the 0/0.053/0.702 mb/d identified incremental non-demand flow envelope.,"Demand reduction rises from 3.600 to 5.400 mb/d, an increment of 1.800 mb/d.","The extra 1.8 mb/d is too large to describe as efficiency alone. Industrial and service cuts deepen in Northeast Asia and the Gulf while rationing, cooking-fuel substitution and freight/food stress spread in import-dependent economies.","Unknown additional stock draw-rate capability could reduce the increment, but no defensible global rate headroom is published.",Landing rows are nested continuity benchmarks and sum to this increment; headroom component rows are separate.
scenario-1.50x-stock-stop-sensitivity,stock_flow_stop_sensitivity,demand_1.50x_plus_stock_flow_loss,1.5,scenario-1.50x,,,3.600233,7.597319,3.997086,,,,,,,2.19697,demand adjustment replacing stock flow,World,mechanical loss of a collective-release flow equal to the historical average,,,,,,sensitivity_only_no_committed_forward_stock_rate,unknown; no usable-stock exhaustion date identified,mechanical_flow_substitution_not_forecast,scenario calculation using p2k.8 historical average rate,high_arithmetic_low_scenario,p2k.8 iea-government-zero-arithmetic-average-release-rate,https://www.iea.org/news/iea-executive-director-statement-on-oil-markets,"Add 2.197 mb/d to required demand adjustment if a same-sized future stock flow is present and then disappears, all else equal.",Loss of a 2.197 mb/d stock flow would raise this scenario's demand requirement to 7.597 mb/d.,This is why stock durability is different from bypass durability: cessation creates a new flow hole even if the original demand cuts persist.,"The 2.197 mb/d is 290/132 historical average execution, not evidence that the same rate is continuing or committed.",Sensitivity branching from the headline; do not add to the scenario or landing rows.
scenario-1.50x-northeast-asia-industrial,country_sector_landing,demand_1.50x,1.5,scenario-1.50x,,,3.600233,5.400349,1.800116,,,,,,,,demand adjustment,China / Japan / South Korea,"refinery, naphtha/petrochemical, aviation and mobility cuts",131.573881,28.922615,0.520641,2_to_3,1_large_existing_absorber_but_cheap_switching_capped,,,,p2k.10 gap allocation plus p2k.3 mechanism evidence,low_for_landing_medium_for_direction,p2k.10 exact-country-china | exact-country-japan | allocation-asia-and-oceania-south-korea; p2k.3 china-refinery-petrochemical | japan-naphtha-refining | korea-petrochemical-refining,https://www.stats.gov.cn/english/PressRelease/202607/t20260717_1964155.html | https://www.meti.go.jp/english/press/2026/0515_003.html | https://www.kpler.com/blog/drawing-down-how-the-market-is-absorbing-the-hormuz-shock-2,Allocate the global increment pro rata to positive current-gap clusters as a continuity benchmark only.,Mechanical continuity benchmark: 0.521 mb/d of the 1.800 mb/d increment; marginal pressure is classified separately.,"The extra 1.8 mb/d is too large to describe as efficiency alone. Industrial and service cuts deepen in Northeast Asia and the Gulf while rationing, cooking-fuel substitution and freight/food stress spread in import-dependent economies.",This number is not a country forecast; p2k.10 includes low-fidelity neutral-share allocations and the true marginal distribution will tilt toward constrained tier-2/3 uses.,Nested in the scenario headline; cluster rows sum to the scenario increment.
scenario-1.50x-gulf-fragile,country_sector_landing,demand_1.50x,1.5,scenario-1.50x,,,3.600233,5.400349,1.800116,,,,,,,,demand adjustment,Iran / Iraq / Kuwait / Qatar / other Middle East,"hydrocarbon activity, trade, aviation, logistics and services",69.80146,15.34378,0.276206,2_to_3_and_3,1_conflict_damage_and_service_disruption,,,,p2k.10 gap allocation plus p2k.3 mechanism evidence,low_for_landing_medium_for_direction,p2k.10 allocation-middle-east-iran | allocation-middle-east-iraq | allocation-middle-east-kuwait | allocation-middle-east-qatar | allocation-middle-east-other-middle-east; p2k.3 mena-iraq-kuwait-qatar | mena-iran | mena-aviation-tourism,https://thedocs.worldbank.org/en/doc/2b672b3b0415d6b66c45b66579db4ef5-0050012026/related/GEP-Jun-2026-Regional-Highlights-MNA.pdf | https://www.worldbank.org/en/news/press-release/2026/06/11/global-economic-prospects-june-2026-press-release,Allocate the global increment pro rata to positive current-gap clusters as a continuity benchmark only.,Mechanical continuity benchmark: 0.276 mb/d of the 1.800 mb/d increment; marginal pressure is classified separately.,"The extra 1.8 mb/d is too large to describe as efficiency alone. Industrial and service cuts deepen in Northeast Asia and the Gulf while rationing, cooking-fuel substitution and freight/food stress spread in import-dependent economies.",This number is not a country forecast; p2k.10 includes low-fidelity neutral-share allocations and the true marginal distribution will tilt toward constrained tier-2/3 uses.,Nested in the scenario headline; cluster rows sum to the scenario increment.
scenario-1.50x-gulf-diversified,country_sector_landing,demand_1.50x,1.5,scenario-1.50x,,,3.600233,5.400349,1.800116,,,,,,,,demand adjustment,Saudi Arabia / United Arab Emirates,"refinery/output, aviation and service activity",65.063519,14.302285,0.257458,2_to_3,2_bypass_cushion_but_activity_drag,,,,p2k.10 gap allocation plus p2k.3 mechanism evidence,low_for_landing_medium_for_direction,p2k.10 allocation-middle-east-saudi-arabia | allocation-middle-east-united-arab-emirates; p2k.3 mena-saudi-uae | mena-aviation-tourism,https://thedocs.worldbank.org/en/doc/2b672b3b0415d6b66c45b66579db4ef5-0050012026/related/GEP-Jun-2026-Regional-Highlights-MNA.pdf | https://www.worldbank.org/en/news/press-release/2026/06/11/global-economic-prospects-june-2026-press-release,Allocate the global increment pro rata to positive current-gap clusters as a continuity benchmark only.,Mechanical continuity benchmark: 0.257 mb/d of the 1.800 mb/d increment; marginal pressure is classified separately.,"The extra 1.8 mb/d is too large to describe as efficiency alone. Industrial and service cuts deepen in Northeast Asia and the Gulf while rationing, cooking-fuel substitution and freight/food stress spread in import-dependent economies.",This number is not a country forecast; p2k.10 includes low-fidelity neutral-share allocations and the true marginal distribution will tilt toward constrained tier-2/3 uses.,Nested in the scenario headline; cluster rows sum to the scenario increment.
scenario-1.50x-india-mixed,country_sector_landing,demand_1.50x,1.5,scenario-1.50x,,,3.600233,5.400349,1.800116,,,,,,,,demand adjustment,India,"cooking LPG, industrial feedstocks and discretionary mobility",33.539625,7.372692,0.132717,1_to_3_mixed,1_lpg_and_feedstock_constraints,,,,p2k.10 gap allocation plus p2k.3 mechanism evidence,low_for_landing_medium_for_direction,p2k.10 exact-country-india; p2k.3 india-installed-switching | india-lpg-cooking | india-industrial-feedstock,https://www.pib.gov.in/PressReleasePage.aspx?PRID=2239794&lang=1&reg=3 | https://www.pib.gov.in/PressReleasePage.aspx?PRID=2239172&lang=1&reg=3 | https://www.pib.gov.in/PressReleasePage.aspx?PRID=2248873&lang=1&reg=3,Allocate the global increment pro rata to positive current-gap clusters as a continuity benchmark only.,Mechanical continuity benchmark: 0.133 mb/d of the 1.800 mb/d increment; marginal pressure is classified separately.,"The extra 1.8 mb/d is too large to describe as efficiency alone. Industrial and service cuts deepen in Northeast Asia and the Gulf while rationing, cooking-fuel substitution and freight/food stress spread in import-dependent economies.",This number is not a country forecast; p2k.10 includes low-fidelity neutral-share allocations and the true marginal distribution will tilt toward constrained tier-2/3 uses.,Nested in the scenario headline; cluster rows sum to the scenario increment.
scenario-1.50x-southeast-asia,country_sector_landing,demand_1.50x,1.5,scenario-1.50x,,,3.600233,5.400349,1.800116,,,,,,,,demand adjustment,Indonesia / Thailand / Malaysia / Singapore / Viet Nam / Philippines,"biofuel/transit switching, telework, travel cuts and fishing fuel",55.857573,12.27863,0.22103,1_to_3_mixed,2_installed_options_then_fragile_livelihoods,,,,p2k.10 gap allocation plus p2k.3 mechanism evidence,low_for_landing_medium_for_direction,p2k.10 allocation-asia-and-oceania-indonesia | allocation-asia-and-oceania-thailand | allocation-asia-and-oceania-malaysia | allocation-asia-and-oceania-singapore | allocation-asia-and-oceania-vietnam | allocation-asia-and-oceania-philippines; p2k.3 sea-indonesia-biofuel | sea-thailand-public-sector-travel | sea-malaysia-telework-travel | sea-singapore-public-transit | sea-vietnam-realized-demand | sea-philippines-fishing,https://ekon.go.id/files/iru/1780541136_%5BEkon%20Version%5D%20IRU%20Presentation%20Book%20-%20Juni%202026.pdf | https://www.iea.org/reports/southeast-asia-energy-outlook-2026/southeast-asia-s-energy-challenges-and-emerging-opportunities | https://thailand.prd.go.th/en/content/category/detail/id/48/iid/484293 | https://www.thaigov.go.th/en/news/162887 | https://www.da.gov.ph/wp-content/uploads/2026/03/Clippings-for-March-4-2026.pdf,Allocate the global increment pro rata to positive current-gap clusters as a continuity benchmark only.,Mechanical continuity benchmark: 0.221 mb/d of the 1.800 mb/d increment; marginal pressure is classified separately.,"The extra 1.8 mb/d is too large to describe as efficiency alone. Industrial and service cuts deepen in Northeast Asia and the Gulf while rationing, cooking-fuel substitution and freight/food stress spread in import-dependent economies.",This number is not a country forecast; p2k.10 includes low-fidelity neutral-share allocations and the true marginal distribution will tilt toward constrained tier-2/3 uses.,Nested in the scenario headline; cluster rows sum to the scenario increment.
scenario-1.50x-other-asia-oceania,country_sector_landing,demand_1.50x,1.5,scenario-1.50x,,,3.600233,5.400349,1.800116,,,,,,,,demand adjustment,Taiwan / Australia / other Asia and Oceania,unresolved transport and industrial oil uses,35.117552,7.719552,0.138961,unknown,3_data_gap_not_low_cost_evidence,,,,p2k.10 gap allocation plus p2k.3 mechanism evidence,low_for_landing_medium_for_direction,p2k.10 allocation-asia-and-oceania-taiwan | allocation-asia-and-oceania-australia | allocation-asia-and-oceania-other-asia-and-oceania,,Allocate the global increment pro rata to positive current-gap clusters as a continuity benchmark only.,Mechanical continuity benchmark: 0.139 mb/d of the 1.800 mb/d increment; marginal pressure is classified separately.,"The extra 1.8 mb/d is too large to describe as efficiency alone. Industrial and service cuts deepen in Northeast Asia and the Gulf while rationing, cooking-fuel substitution and freight/food stress spread in import-dependent economies.",This number is not a country forecast; p2k.10 includes low-fidelity neutral-share allocations and the true marginal distribution will tilt toward constrained tier-2/3 uses.,Nested in the scenario headline; cluster rows sum to the scenario increment.
scenario-1.50x-africa-import-pressure,country_sector_landing,demand_1.50x,1.5,scenario-1.50x,,,3.600233,5.400349,1.800116,,,,,,,,demand adjustment,Egypt / Kenya / Nigeria / South Africa / Algeria / other Africa,"freight and food distribution, mobility, retail activity and cooking LPG",26.559968,5.838421,0.105098,2_to_3_and_3,1_small_barrels_high_essential_service_cost,,,,p2k.10 gap allocation plus p2k.3 mechanism evidence,low_for_landing_medium_for_direction,p2k.10 allocation-africa-egypt | allocation-africa-kenya | allocation-africa-nigeria | allocation-africa-south-africa | allocation-africa-algeria | allocation-africa-other-africa; p2k.3 africa-egypt-conservation | africa-transport-food | africa-kenya-lpg,https://sis.gov.eg/en/media-center/news/pm-announces-fresh-energy-rationing-measures-amid-regional-crisis/ | https://www.afdb.org/sites/default/files/documents/publications/policy_paper-the_impact_of_the_middle_east_conflict_on_african_economies.pdf | https://apnews.com/article/b7fbb4297f435974588d978ba8465ab9 | https://www.iea.org/commentaries/energy-crisis-threatens-world-s-most-vulnerable-as-cooking-fuel-shortages-grow,Allocate the global increment pro rata to positive current-gap clusters as a continuity benchmark only.,Mechanical continuity benchmark: 0.105 mb/d of the 1.800 mb/d increment; marginal pressure is classified separately.,"The extra 1.8 mb/d is too large to describe as efficiency alone. Industrial and service cuts deepen in Northeast Asia and the Gulf while rationing, cooking-fuel substitution and freight/food stress spread in import-dependent economies.",This number is not a country forecast; p2k.10 includes low-fidelity neutral-share allocations and the true marginal distribution will tilt toward constrained tier-2/3 uses.,Nested in the scenario headline; cluster rows sum to the scenario increment.
scenario-1.50x-other-positive-regions,country_sector_landing,demand_1.50x,1.5,scenario-1.50x,,,3.600233,5.400349,1.800116,,,,,,,,demand adjustment,Europe / Eurasia / Central and South America,"aviation, refining, transport and heterogeneous regional adjustment",37.403388,8.222025,0.148006,1_to_3_mixed,3_more_diversified_but_aviation_and_refining_exposed,,,,p2k.10 gap allocation plus p2k.3 mechanism evidence,low_for_landing_medium_for_direction,p2k.10 exact-region-europe | exact-region-eurasia | exact-region-central-and-south-america; p2k.3 europe-installed-switching | europe-aviation | eurasia-russia-refining,https://energy.ec.europa.eu/news/commission-provides-eu-countries-practical-examples-address-energy-crisis-2026-05-13_en | https://energy.ec.europa.eu/news/eu-continues-monitor-oil-market-situation-and-prepares-coordinated-response-address-jet-fuel-supply-2026-05-18_en | https://www.iea.org/reports/oil-market-report-july-2026,Allocate the global increment pro rata to positive current-gap clusters as a continuity benchmark only.,Mechanical continuity benchmark: 0.148 mb/d of the 1.800 mb/d increment; marginal pressure is classified separately.,"The extra 1.8 mb/d is too large to describe as efficiency alone. Industrial and service cuts deepen in Northeast Asia and the Gulf while rationing, cooking-fuel substitution and freight/food stress spread in import-dependent economies.",This number is not a country forecast; p2k.10 includes low-fidelity neutral-share allocations and the true marginal distribution will tilt toward constrained tier-2/3 uses.,Nested in the scenario headline; cluster rows sum to the scenario increment.
scenario-2.00x,scenario_headline,demand_2.00x,2,historical-demand-baseline,,,3.600233,7.200465,3.600233,0,0.053113,0.70188,3.600233,3.54712,2.898353,,demand adjustment,World,scenario total,,,,,,stock_rate_expansion_unknown_not_credited,no single usable-stock exhaustion date,illustrative_demand_scaling_not_forecast,scenario arithmetic anchored to p2k.10,high_arithmetic_low_scenario,p2k.10 exact-world | p2k.7/p2k.9 incremental-headroom inputs,https://www.eia.gov/outlooks/steo/archives/feb26_base.xlsx | https://www.eia.gov/outlooks/steo/archives/jul26_base.xlsx,Scale 439.228/122 mb/d; subtract only the 0/0.053/0.702 mb/d identified incremental non-demand flow envelope.,"Demand reduction rises from 3.600 to 7.200 mb/d, an increment of 3.600 mb/d.","The extra 3.6 mb/d equals the entire March-June adjustment again. It plausibly requires broad transport and industrial contraction plus materially more tier-3 essential-service failure, not merely additional voluntary conservation.","Unknown additional stock draw-rate capability could reduce the increment, but no defensible global rate headroom is published.",Landing rows are nested continuity benchmarks and sum to this increment; headroom component rows are separate.
scenario-2.00x-stock-stop-sensitivity,stock_flow_stop_sensitivity,demand_2.00x_plus_stock_flow_loss,2,scenario-2.00x,,,3.600233,9.397435,5.797203,,,,,,,2.19697,demand adjustment replacing stock flow,World,mechanical loss of a collective-release flow equal to the historical average,,,,,,sensitivity_only_no_committed_forward_stock_rate,unknown; no usable-stock exhaustion date identified,mechanical_flow_substitution_not_forecast,scenario calculation using p2k.8 historical average rate,high_arithmetic_low_scenario,p2k.8 iea-government-zero-arithmetic-average-release-rate,https://www.iea.org/news/iea-executive-director-statement-on-oil-markets,"Add 2.197 mb/d to required demand adjustment if a same-sized future stock flow is present and then disappears, all else equal.",Loss of a 2.197 mb/d stock flow would raise this scenario's demand requirement to 9.397 mb/d.,This is why stock durability is different from bypass durability: cessation creates a new flow hole even if the original demand cuts persist.,"The 2.197 mb/d is 290/132 historical average execution, not evidence that the same rate is continuing or committed.",Sensitivity branching from the headline; do not add to the scenario or landing rows.
scenario-2.00x-northeast-asia-industrial,country_sector_landing,demand_2.00x,2,scenario-2.00x,,,3.600233,7.200465,3.600233,,,,,,,,demand adjustment,China / Japan / South Korea,"refinery, naphtha/petrochemical, aviation and mobility cuts",131.573881,28.922615,1.041281,2_to_3,1_large_existing_absorber_but_cheap_switching_capped,,,,p2k.10 gap allocation plus p2k.3 mechanism evidence,low_for_landing_medium_for_direction,p2k.10 exact-country-china | exact-country-japan | allocation-asia-and-oceania-south-korea; p2k.3 china-refinery-petrochemical | japan-naphtha-refining | korea-petrochemical-refining,https://www.stats.gov.cn/english/PressRelease/202607/t20260717_1964155.html | https://www.meti.go.jp/english/press/2026/0515_003.html | https://www.kpler.com/blog/drawing-down-how-the-market-is-absorbing-the-hormuz-shock-2,Allocate the global increment pro rata to positive current-gap clusters as a continuity benchmark only.,Mechanical continuity benchmark: 1.041 mb/d of the 3.600 mb/d increment; marginal pressure is classified separately.,"The extra 3.6 mb/d equals the entire March-June adjustment again. It plausibly requires broad transport and industrial contraction plus materially more tier-3 essential-service failure, not merely additional voluntary conservation.",This number is not a country forecast; p2k.10 includes low-fidelity neutral-share allocations and the true marginal distribution will tilt toward constrained tier-2/3 uses.,Nested in the scenario headline; cluster rows sum to the scenario increment.
scenario-2.00x-gulf-fragile,country_sector_landing,demand_2.00x,2,scenario-2.00x,,,3.600233,7.200465,3.600233,,,,,,,,demand adjustment,Iran / Iraq / Kuwait / Qatar / other Middle East,"hydrocarbon activity, trade, aviation, logistics and services",69.80146,15.34378,0.552412,2_to_3_and_3,1_conflict_damage_and_service_disruption,,,,p2k.10 gap allocation plus p2k.3 mechanism evidence,low_for_landing_medium_for_direction,p2k.10 allocation-middle-east-iran | allocation-middle-east-iraq | allocation-middle-east-kuwait | allocation-middle-east-qatar | allocation-middle-east-other-middle-east; p2k.3 mena-iraq-kuwait-qatar | mena-iran | mena-aviation-tourism,https://thedocs.worldbank.org/en/doc/2b672b3b0415d6b66c45b66579db4ef5-0050012026/related/GEP-Jun-2026-Regional-Highlights-MNA.pdf | https://www.worldbank.org/en/news/press-release/2026/06/11/global-economic-prospects-june-2026-press-release,Allocate the global increment pro rata to positive current-gap clusters as a continuity benchmark only.,Mechanical continuity benchmark: 0.552 mb/d of the 3.600 mb/d increment; marginal pressure is classified separately.,"The extra 3.6 mb/d equals the entire March-June adjustment again. It plausibly requires broad transport and industrial contraction plus materially more tier-3 essential-service failure, not merely additional voluntary conservation.",This number is not a country forecast; p2k.10 includes low-fidelity neutral-share allocations and the true marginal distribution will tilt toward constrained tier-2/3 uses.,Nested in the scenario headline; cluster rows sum to the scenario increment.
scenario-2.00x-gulf-diversified,country_sector_landing,demand_2.00x,2,scenario-2.00x,,,3.600233,7.200465,3.600233,,,,,,,,demand adjustment,Saudi Arabia / United Arab Emirates,"refinery/output, aviation and service activity",65.063519,14.302285,0.514916,2_to_3,2_bypass_cushion_but_activity_drag,,,,p2k.10 gap allocation plus p2k.3 mechanism evidence,low_for_landing_medium_for_direction,p2k.10 allocation-middle-east-saudi-arabia | allocation-middle-east-united-arab-emirates; p2k.3 mena-saudi-uae | mena-aviation-tourism,https://thedocs.worldbank.org/en/doc/2b672b3b0415d6b66c45b66579db4ef5-0050012026/related/GEP-Jun-2026-Regional-Highlights-MNA.pdf | https://www.worldbank.org/en/news/press-release/2026/06/11/global-economic-prospects-june-2026-press-release,Allocate the global increment pro rata to positive current-gap clusters as a continuity benchmark only.,Mechanical continuity benchmark: 0.515 mb/d of the 3.600 mb/d increment; marginal pressure is classified separately.,"The extra 3.6 mb/d equals the entire March-June adjustment again. It plausibly requires broad transport and industrial contraction plus materially more tier-3 essential-service failure, not merely additional voluntary conservation.",This number is not a country forecast; p2k.10 includes low-fidelity neutral-share allocations and the true marginal distribution will tilt toward constrained tier-2/3 uses.,Nested in the scenario headline; cluster rows sum to the scenario increment.
scenario-2.00x-india-mixed,country_sector_landing,demand_2.00x,2,scenario-2.00x,,,3.600233,7.200465,3.600233,,,,,,,,demand adjustment,India,"cooking LPG, industrial feedstocks and discretionary mobility",33.539625,7.372692,0.265434,1_to_3_mixed,1_lpg_and_feedstock_constraints,,,,p2k.10 gap allocation plus p2k.3 mechanism evidence,low_for_landing_medium_for_direction,p2k.10 exact-country-india; p2k.3 india-installed-switching | india-lpg-cooking | india-industrial-feedstock,https://www.pib.gov.in/PressReleasePage.aspx?PRID=2239794&lang=1&reg=3 | https://www.pib.gov.in/PressReleasePage.aspx?PRID=2239172&lang=1&reg=3 | https://www.pib.gov.in/PressReleasePage.aspx?PRID=2248873&lang=1&reg=3,Allocate the global increment pro rata to positive current-gap clusters as a continuity benchmark only.,Mechanical continuity benchmark: 0.265 mb/d of the 3.600 mb/d increment; marginal pressure is classified separately.,"The extra 3.6 mb/d equals the entire March-June adjustment again. It plausibly requires broad transport and industrial contraction plus materially more tier-3 essential-service failure, not merely additional voluntary conservation.",This number is not a country forecast; p2k.10 includes low-fidelity neutral-share allocations and the true marginal distribution will tilt toward constrained tier-2/3 uses.,Nested in the scenario headline; cluster rows sum to the scenario increment.
scenario-2.00x-southeast-asia,country_sector_landing,demand_2.00x,2,scenario-2.00x,,,3.600233,7.200465,3.600233,,,,,,,,demand adjustment,Indonesia / Thailand / Malaysia / Singapore / Viet Nam / Philippines,"biofuel/transit switching, telework, travel cuts and fishing fuel",55.857573,12.27863,0.442059,1_to_3_mixed,2_installed_options_then_fragile_livelihoods,,,,p2k.10 gap allocation plus p2k.3 mechanism evidence,low_for_landing_medium_for_direction,p2k.10 allocation-asia-and-oceania-indonesia | allocation-asia-and-oceania-thailand | allocation-asia-and-oceania-malaysia | allocation-asia-and-oceania-singapore | allocation-asia-and-oceania-vietnam | allocation-asia-and-oceania-philippines; p2k.3 sea-indonesia-biofuel | sea-thailand-public-sector-travel | sea-malaysia-telework-travel | sea-singapore-public-transit | sea-vietnam-realized-demand | sea-philippines-fishing,https://ekon.go.id/files/iru/1780541136_%5BEkon%20Version%5D%20IRU%20Presentation%20Book%20-%20Juni%202026.pdf | https://www.iea.org/reports/southeast-asia-energy-outlook-2026/southeast-asia-s-energy-challenges-and-emerging-opportunities | https://thailand.prd.go.th/en/content/category/detail/id/48/iid/484293 | https://www.thaigov.go.th/en/news/162887 | https://www.da.gov.ph/wp-content/uploads/2026/03/Clippings-for-March-4-2026.pdf,Allocate the global increment pro rata to positive current-gap clusters as a continuity benchmark only.,Mechanical continuity benchmark: 0.442 mb/d of the 3.600 mb/d increment; marginal pressure is classified separately.,"The extra 3.6 mb/d equals the entire March-June adjustment again. It plausibly requires broad transport and industrial contraction plus materially more tier-3 essential-service failure, not merely additional voluntary conservation.",This number is not a country forecast; p2k.10 includes low-fidelity neutral-share allocations and the true marginal distribution will tilt toward constrained tier-2/3 uses.,Nested in the scenario headline; cluster rows sum to the scenario increment.
scenario-2.00x-other-asia-oceania,country_sector_landing,demand_2.00x,2,scenario-2.00x,,,3.600233,7.200465,3.600233,,,,,,,,demand adjustment,Taiwan / Australia / other Asia and Oceania,unresolved transport and industrial oil uses,35.117552,7.719552,0.277922,unknown,3_data_gap_not_low_cost_evidence,,,,p2k.10 gap allocation plus p2k.3 mechanism evidence,low_for_landing_medium_for_direction,p2k.10 allocation-asia-and-oceania-taiwan | allocation-asia-and-oceania-australia | allocation-asia-and-oceania-other-asia-and-oceania,,Allocate the global increment pro rata to positive current-gap clusters as a continuity benchmark only.,Mechanical continuity benchmark: 0.278 mb/d of the 3.600 mb/d increment; marginal pressure is classified separately.,"The extra 3.6 mb/d equals the entire March-June adjustment again. It plausibly requires broad transport and industrial contraction plus materially more tier-3 essential-service failure, not merely additional voluntary conservation.",This number is not a country forecast; p2k.10 includes low-fidelity neutral-share allocations and the true marginal distribution will tilt toward constrained tier-2/3 uses.,Nested in the scenario headline; cluster rows sum to the scenario increment.
scenario-2.00x-africa-import-pressure,country_sector_landing,demand_2.00x,2,scenario-2.00x,,,3.600233,7.200465,3.600233,,,,,,,,demand adjustment,Egypt / Kenya / Nigeria / South Africa / Algeria / other Africa,"freight and food distribution, mobility, retail activity and cooking LPG",26.559968,5.838421,0.210197,2_to_3_and_3,1_small_barrels_high_essential_service_cost,,,,p2k.10 gap allocation plus p2k.3 mechanism evidence,low_for_landing_medium_for_direction,p2k.10 allocation-africa-egypt | allocation-africa-kenya | allocation-africa-nigeria | allocation-africa-south-africa | allocation-africa-algeria | allocation-africa-other-africa; p2k.3 africa-egypt-conservation | africa-transport-food | africa-kenya-lpg,https://sis.gov.eg/en/media-center/news/pm-announces-fresh-energy-rationing-measures-amid-regional-crisis/ | https://www.afdb.org/sites/default/files/documents/publications/policy_paper-the_impact_of_the_middle_east_conflict_on_african_economies.pdf | https://apnews.com/article/b7fbb4297f435974588d978ba8465ab9 | https://www.iea.org/commentaries/energy-crisis-threatens-world-s-most-vulnerable-as-cooking-fuel-shortages-grow,Allocate the global increment pro rata to positive current-gap clusters as a continuity benchmark only.,Mechanical continuity benchmark: 0.210 mb/d of the 3.600 mb/d increment; marginal pressure is classified separately.,"The extra 3.6 mb/d equals the entire March-June adjustment again. It plausibly requires broad transport and industrial contraction plus materially more tier-3 essential-service failure, not merely additional voluntary conservation.",This number is not a country forecast; p2k.10 includes low-fidelity neutral-share allocations and the true marginal distribution will tilt toward constrained tier-2/3 uses.,Nested in the scenario headline; cluster rows sum to the scenario increment.
scenario-2.00x-other-positive-regions,country_sector_landing,demand_2.00x,2,scenario-2.00x,,,3.600233,7.200465,3.600233,,,,,,,,demand adjustment,Europe / Eurasia / Central and South America,"aviation, refining, transport and heterogeneous regional adjustment",37.403388,8.222025,0.296012,1_to_3_mixed,3_more_diversified_but_aviation_and_refining_exposed,,,,p2k.10 gap allocation plus p2k.3 mechanism evidence,low_for_landing_medium_for_direction,p2k.10 exact-region-europe | exact-region-eurasia | exact-region-central-and-south-america; p2k.3 europe-installed-switching | europe-aviation | eurasia-russia-refining,https://energy.ec.europa.eu/news/commission-provides-eu-countries-practical-examples-address-energy-crisis-2026-05-13_en | https://energy.ec.europa.eu/news/eu-continues-monitor-oil-market-situation-and-prepares-coordinated-response-address-jet-fuel-supply-2026-05-18_en | https://www.iea.org/reports/oil-market-report-july-2026,Allocate the global increment pro rata to positive current-gap clusters as a continuity benchmark only.,Mechanical continuity benchmark: 0.296 mb/d of the 3.600 mb/d increment; marginal pressure is classified separately.,"The extra 3.6 mb/d equals the entire March-June adjustment again. It plausibly requires broad transport and industrial contraction plus materially more tier-3 essential-service failure, not merely additional voluntary conservation.",This number is not a country forecast; p2k.10 includes low-fidelity neutral-share allocations and the true marginal distribution will tilt toward constrained tier-2/3 uses.,Nested in the scenario headline; cluster rows sum to the scenario increment.
tier3-candidate-india,tier3_transition_candidate,continued_disruption_marginal_pressure,,,,,,,,,,,,,,,demand adjustment,India,cooking LPG and industrial feedstocks,,,,3_or_transition_to_3,priority_watch,,,,realized policy or activity evidence,medium_for_direction_not_barrels,p2k.3 india-lpg-cooking | india-industrial-feedstock,https://www.pib.gov.in/PressReleasePage.aspx?PRID=2239172&lang=1&reg=3 | https://www.pib.gov.in/PressReleasePage.aspx?PRID=2248873&lang=1&reg=3,"Name candidates only where p2k.3 contains a realized scarcity, service, livelihood or deep industrial-cut signal.",Already tier 3 for LPG because import dependence is high and household cooking has limited fast substitutes.,,Candidate status does not quantify a future country barrel contribution.,Qualitative watchlist; not part of the scenario arithmetic.
tier3-candidate-kenya,tier3_transition_candidate,continued_disruption_marginal_pressure,,,,,,,,,,,,,,,demand adjustment,Kenya and LPG-dependent African households,"cooking LPG, charcoal/firewood reversion",,,,3_or_transition_to_3,priority_watch,,,,realized policy or activity evidence,medium_for_direction_not_barrels,p2k.3 africa-kenya-lpg,https://apnews.com/article/b7fbb4297f435974588d978ba8465ab9 | https://www.iea.org/commentaries/energy-crisis-threatens-world-s-most-vulnerable-as-cooking-fuel-shortages-grow,"Name candidates only where p2k.3 contains a realized scarcity, service, livelihood or deep industrial-cut signal.","Observed scarcity and fuel reversion make essential household energy, health and environmental costs the failure margin.",,Candidate status does not quantify a future country barrel contribution.,Qualitative watchlist; not part of the scenario arithmetic.
tier3-candidate-myanmar,tier3_transition_candidate,continued_disruption_marginal_pressure,,,,,,,,,,,,,,,demand adjustment,Myanmar,fuel rationing and even-odd licence plates,,,,3_or_transition_to_3,priority_watch,,,,realized policy or activity evidence,medium_for_direction_not_barrels,p2k.3 sea-myanmar-rationing,https://www.iea.org/reports/southeast-asia-energy-outlook-2026/southeast-asia-s-energy-challenges-and-emerging-opportunities,"Name candidates only where p2k.3 contains a realized scarcity, service, livelihood or deep industrial-cut signal.",Rationing is direct evidence that voluntary efficiency has given way to administrative scarcity.,,Candidate status does not quantify a future country barrel contribution.,Qualitative watchlist; not part of the scenario arithmetic.
tier3-candidate-laos,tier3_transition_candidate,continued_disruption_marginal_pressure,,,,,,,,,,,,,,,demand adjustment,Lao PDR,school and work schedules,,,,3_or_transition_to_3,priority_watch,,,,realized policy or activity evidence,medium_for_direction_not_barrels,p2k.3 sea-laos-school-shifts,https://www.iea.org/reports/southeast-asia-energy-outlook-2026/southeast-asia-s-energy-challenges-and-emerging-opportunities,"Name candidates only where p2k.3 contains a realized scarcity, service, livelihood or deep industrial-cut signal.",A three-day school week and rotating shifts show fuel scarcity spilling into essential public services.,,Candidate status does not quantify a future country barrel contribution.,Qualitative watchlist; not part of the scenario arithmetic.
tier3-candidate-philippines,tier3_transition_candidate,continued_disruption_marginal_pressure,,,,,,,,,,,,,,,demand adjustment,Philippines,small-scale fishing livelihoods,,,,3_or_transition_to_3,priority_watch,,,,realized policy or activity evidence,medium_for_direction_not_barrels,p2k.3 sea-philippines-fishing,https://www.da.gov.ph/wp-content/uploads/2026/03/Clippings-for-March-4-2026.pdf,"Name candidates only where p2k.3 contains a realized scarcity, service, livelihood or deep industrial-cut signal.",Shorter and fewer fishing trips show a direct food-supply and income margin even when national barrel totals are small.,,Candidate status does not quantify a future country barrel contribution.,Qualitative watchlist; not part of the scenario arithmetic.
tier3-candidate-fragile-gulf,tier3_transition_candidate,continued_disruption_marginal_pressure,,,,,,,,,,,,,,,demand adjustment,Iran / Iraq / Kuwait / Qatar,"hydrocarbon, aviation, trade and service disruption",,,,3_or_transition_to_3,priority_watch,,,,realized policy or activity evidence,medium_for_direction_not_barrels,p2k.3 mena-iraq-kuwait-qatar | mena-iran | mena-aviation-tourism,https://thedocs.worldbank.org/en/doc/2b672b3b0415d6b66c45b66579db4ef5-0050012026/related/GEP-Jun-2026-Regional-Highlights-MNA.pdf | https://www.worldbank.org/en/news/press-release/2026/06/11/global-economic-prospects-june-2026-press-release,"Name candidates only where p2k.3 contains a realized scarcity, service, livelihood or deep industrial-cut signal.",Conflict and infrastructure exposure put output and services at tier 3 before an economy-wide statistical demand series can identify the barrels.,,Candidate status does not quantify a future country barrel contribution.,Qualitative watchlist; not part of the scenario arithmetic.
tier3-candidate-northeast-asia,tier3_transition_candidate,continued_disruption_marginal_pressure,,,,,,,,,,,,,,,demand adjustment,China / Japan / South Korea,refining and naphtha-fed petrochemicals,,,,3_or_transition_to_3,priority_watch,,,,realized policy or activity evidence,medium_for_direction_not_barrels,p2k.3 china-refinery-petrochemical | japan-naphtha-refining | korea-petrochemical-refining,https://www.stats.gov.cn/english/PressRelease/202607/t20260717_1964155.html | https://www.meti.go.jp/english/press/2026/0515_003.html | https://www.kpler.com/blog/drawing-down-how-the-market-is-absorbing-the-hormuz-shock-2,"Name candidates only where p2k.3 contains a realized scarcity, service, livelihood or deep industrial-cut signal.",Current tier-2 cuts are already deep; further sustained throughput loss is the clearest large-volume transition toward tier 3.,,Candidate status does not quantify a future country barrel contribution.,Qualitative watchlist; not part of the scenario arithmetic.
