date,wti_front_close_usd_per_bbl,wti_sep26_close_usd_per_bbl,wti_oct26_close_usd_per_bbl,wti_dec26_close_usd_per_bbl,brent_front_close_usd_per_bbl,brent_sep26_close_usd_per_bbl,brent_oct26_close_usd_per_bbl,brent_dec26_close_usd_per_bbl,wti_front_minus_dec26_usd_per_bbl,wti_sep26_minus_oct26_usd_per_bbl,brent_front_minus_dec26_usd_per_bbl,brent_sep26_minus_oct26_usd_per_bbl,spread_sign_convention,data_status,source_url,method_caveat
2026-01-02,57.31999969482422,57.04999923706055,57.0099983215332,57.0099983215332,60.75,60.2400016784668,60.2599983215332,60.34000015258789,0.310001,0.040001,0.41,-0.019997,near_minus_deferred: positive=backwardation; negative=contango,public daily closes transported by Yahoo Finance; not exchange-certified settlements,https://query1.finance.yahoo.com/v8/finance/chart/,"Continuous front symbols roll contracts; fixed Sep-Oct spreads avoid roll ambiguity but were deferred contracts in early 2026. The curve is a storage discriminator only, not a shortage-volume estimator or price forecast."
2026-01-05,58.31999969482422,57.709999084472656,57.599998474121094,57.5099983215332,61.7599983215332,60.849998474121094,60.810001373291016,60.79999923706055,0.810001,0.110001,0.959999,0.039997,near_minus_deferred: positive=backwardation; negative=contango,public daily closes transported by Yahoo Finance; not exchange-certified settlements,https://query1.finance.yahoo.com/v8/finance/chart/,"Continuous front symbols roll contracts; fixed Sep-Oct spreads avoid roll ambiguity but were deferred contracts in early 2026. The curve is a storage discriminator only, not a shortage-volume estimator or price forecast."
2026-01-06,57.130001068115234,56.650001525878906,56.59000015258789,56.560001373291016,60.70000076293945,59.88999938964844,59.88999938964844,59.95000076293945,0.57,0.060001,0.75,0.0,near_minus_deferred: positive=backwardation; negative=contango,public daily closes transported by Yahoo Finance; not exchange-certified settlements,https://query1.finance.yahoo.com/v8/finance/chart/,"Continuous front symbols roll contracts; fixed Sep-Oct spreads avoid roll ambiguity but were deferred contracts in early 2026. The curve is a storage discriminator only, not a shortage-volume estimator or price forecast."
2026-01-07,55.9900016784668,55.88999938964844,55.849998474121094,55.849998474121094,59.959999084472656,59.27000045776367,59.279998779296875,59.349998474121094,0.140003,0.040001,0.610001,-0.009998,near_minus_deferred: positive=backwardation; negative=contango,public daily closes transported by Yahoo Finance; not exchange-certified settlements,https://query1.finance.yahoo.com/v8/finance/chart/,"Continuous front symbols roll contracts; fixed Sep-Oct spreads avoid roll ambiguity but were deferred contracts in early 2026. The curve is a storage discriminator only, not a shortage-volume estimator or price forecast."
2026-01-08,57.7599983215332,57.41999816894531,57.34000015258789,57.27000045776367,61.9900016784668,60.88999938964844,60.86000061035156,60.849998474121094,0.489998,0.079998,1.140003,0.029999,near_minus_deferred: positive=backwardation; negative=contango,public daily closes transported by Yahoo Finance; not exchange-certified settlements,https://query1.finance.yahoo.com/v8/finance/chart/,"Continuous front symbols roll contracts; fixed Sep-Oct spreads avoid roll ambiguity but were deferred contracts in early 2026. The curve is a storage discriminator only, not a shortage-volume estimator or price forecast."
2026-01-09,59.119998931884766,58.369998931884766,58.2400016784668,58.09000015258789,63.34000015258789,61.939998626708984,61.849998474121094,61.75,1.029999,0.129997,1.59,0.09,near_minus_deferred: positive=backwardation; negative=contango,public daily closes transported by Yahoo Finance; not exchange-certified settlements,https://query1.finance.yahoo.com/v8/finance/chart/,"Continuous front symbols roll contracts; fixed Sep-Oct spreads avoid roll ambiguity but were deferred contracts in early 2026. The curve is a storage discriminator only, not a shortage-volume estimator or price forecast."
2026-01-12,59.5,58.689998626708984,58.560001373291016,58.400001525878906,63.869998931884766,62.25,62.16999816894531,62.060001373291016,1.099998,0.129997,1.809998,0.080002,near_minus_deferred: positive=backwardation; negative=contango,public daily closes transported by Yahoo Finance; not exchange-certified settlements,https://query1.finance.yahoo.com/v8/finance/chart/,"Continuous front symbols roll contracts; fixed Sep-Oct spreads avoid roll ambiguity but were deferred contracts in early 2026. The curve is a storage discriminator only, not a shortage-volume estimator or price forecast."
2026-01-13,61.150001525878906,59.81999969482422,59.650001525878906,59.400001525878906,65.47000122070312,63.40999984741211,63.279998779296875,63.09000015258789,1.75,0.169998,2.380001,0.130001,near_minus_deferred: positive=backwardation; negative=contango,public daily closes transported by Yahoo Finance; not exchange-certified settlements,https://query1.finance.yahoo.com/v8/finance/chart/,"Continuous front symbols roll contracts; fixed Sep-Oct spreads avoid roll ambiguity but were deferred contracts in early 2026. The curve is a storage discriminator only, not a shortage-volume estimator or price forecast."
2026-01-14,62.02000045776367,60.65999984741211,60.45000076293945,60.13999938964844,66.5199966430664,64.31999969482422,64.16000366210938,63.91999816894531,1.880001,0.209999,2.599998,0.159996,near_minus_deferred: positive=backwardation; negative=contango,public daily closes transported by Yahoo Finance; not exchange-certified settlements,https://query1.finance.yahoo.com/v8/finance/chart/,"Continuous front symbols roll contracts; fixed Sep-Oct spreads avoid roll ambiguity but were deferred contracts in early 2026. The curve is a storage discriminator only, not a shortage-volume estimator or price forecast."
2026-01-15,59.189998626708984,58.400001525878906,58.290000915527344,58.15999984741211,63.7599983215332,62.04999923706055,61.959999084472656,61.869998931884766,1.029999,0.110001,1.889999,0.09,near_minus_deferred: positive=backwardation; negative=contango,public daily closes transported by Yahoo Finance; not exchange-certified settlements,https://query1.finance.yahoo.com/v8/finance/chart/,"Continuous front symbols roll contracts; fixed Sep-Oct spreads avoid roll ambiguity but were deferred contracts in early 2026. The curve is a storage discriminator only, not a shortage-volume estimator or price forecast."
2026-01-16,59.439998626708984,58.63999938964844,58.5099983215332,58.369998931884766,64.12999725341797,62.310001373291016,62.209999084472656,62.099998474121094,1.07,0.130001,2.029999,0.100002,near_minus_deferred: positive=backwardation; negative=contango,public daily closes transported by Yahoo Finance; not exchange-certified settlements,https://query1.finance.yahoo.com/v8/finance/chart/,"Continuous front symbols roll contracts; fixed Sep-Oct spreads avoid roll ambiguity but were deferred contracts in early 2026. The curve is a storage discriminator only, not a shortage-volume estimator or price forecast."
2026-01-20,60.34000015258789,59.33000183105469,59.189998626708984,59.029998779296875,64.91999816894531,62.959999084472656,62.86000061035156,62.7400016784668,1.310001,0.140003,2.179996,0.099998,near_minus_deferred: positive=backwardation; negative=contango,public daily closes transported by Yahoo Finance; not exchange-certified settlements,https://query1.finance.yahoo.com/v8/finance/chart/,"Continuous front symbols roll contracts; fixed Sep-Oct spreads avoid roll ambiguity but were deferred contracts in early 2026. The curve is a storage discriminator only, not a shortage-volume estimator or price forecast."
2026-01-21,60.619998931884766,59.72999954223633,59.59000015258789,59.43000030517578,65.23999786376953,63.40999984741211,63.310001373291016,63.16999816894531,1.189999,0.139999,2.07,0.099998,near_minus_deferred: positive=backwardation; negative=contango,public daily closes transported by Yahoo Finance; not exchange-certified settlements,https://query1.finance.yahoo.com/v8/finance/chart/,"Continuous front symbols roll contracts; fixed Sep-Oct spreads avoid roll ambiguity but were deferred contracts in early 2026. The curve is a storage discriminator only, not a shortage-volume estimator or price forecast."
2026-01-22,59.36000061035156,58.75,58.650001525878906,58.56999969482422,64.05999755859375,62.40999984741211,62.33000183105469,62.2599983215332,0.790001,0.099998,1.799999,0.079998,near_minus_deferred: positive=backwardation; negative=contango,public daily closes transported by Yahoo Finance; not exchange-certified settlements,https://query1.finance.yahoo.com/v8/finance/chart/,"Continuous front symbols roll contracts; fixed Sep-Oct spreads avoid roll ambiguity but were deferred contracts in early 2026. The curve is a storage discriminator only, not a shortage-volume estimator or price forecast."
2026-01-23,61.06999969482422,59.97999954223633,59.83000183105469,59.619998931884766,65.87999725341797,63.650001525878906,63.52000045776367,63.349998474121094,1.450001,0.149998,2.529999,0.130001,near_minus_deferred: positive=backwardation; negative=contango,public daily closes transported by Yahoo Finance; not exchange-certified settlements,https://query1.finance.yahoo.com/v8/finance/chart/,"Continuous front symbols roll contracts; fixed Sep-Oct spreads avoid roll ambiguity but were deferred contracts in early 2026. The curve is a storage discriminator only, not a shortage-volume estimator or price forecast."
2026-01-26,60.630001068115234,59.86000061035156,59.72999954223633,59.58000183105469,65.58999633789062,63.560001373291016,63.45000076293945,63.31999969482422,1.049999,0.130001,2.269997,0.110001,near_minus_deferred: positive=backwardation; negative=contango,public daily closes transported by Yahoo Finance; not exchange-certified settlements,https://query1.finance.yahoo.com/v8/finance/chart/,"Continuous front symbols roll contracts; fixed Sep-Oct spreads avoid roll ambiguity but were deferred contracts in early 2026. The curve is a storage discriminator only, not a shortage-volume estimator or price forecast."
2026-01-27,62.38999938964844,61.0099983215332,60.79999923706055,60.5,67.56999969482422,64.7699966430664,64.58000183105469,64.30999755859375,1.889999,0.209999,3.260002,0.189995,near_minus_deferred: positive=backwardation; negative=contango,public daily closes transported by Yahoo Finance; not exchange-certified settlements,https://query1.finance.yahoo.com/v8/finance/chart/,"Continuous front symbols roll contracts; fixed Sep-Oct spreads avoid roll ambiguity but were deferred contracts in early 2026. The curve is a storage discriminator only, not a shortage-volume estimator or price forecast."
2026-01-28,63.209999084472656,61.5,61.2400016784668,60.849998474121094,68.4000015258789,65.33000183105469,65.08999633789062,64.7300033569336,2.360001,0.259998,3.669998,0.240005,near_minus_deferred: positive=backwardation; negative=contango,public daily closes transported by Yahoo Finance; not exchange-certified settlements,https://query1.finance.yahoo.com/v8/finance/chart/,"Continuous front symbols roll contracts; fixed Sep-Oct spreads avoid roll ambiguity but were deferred contracts in early 2026. The curve is a storage discriminator only, not a shortage-volume estimator or price forecast."
2026-01-29,65.41999816894531,63.02000045776367,62.65999984741211,62.099998474121094,70.70999908447266,66.9800033569336,66.63999938964844,66.0999984741211,3.32,0.360001,4.610001,0.340004,near_minus_deferred: positive=backwardation; negative=contango,public daily closes transported by Yahoo Finance; not exchange-certified settlements,https://query1.finance.yahoo.com/v8/finance/chart/,"Continuous front symbols roll contracts; fixed Sep-Oct spreads avoid roll ambiguity but were deferred contracts in early 2026. The curve is a storage discriminator only, not a shortage-volume estimator or price forecast."
2026-01-30,65.20999908447266,62.849998474121094,62.5099983215332,62.0099983215332,70.69000244140625,66.81999969482422,66.51000213623047,66.0199966430664,3.200001,0.34,4.670006,0.309998,near_minus_deferred: positive=backwardation; negative=contango,public daily closes transported by Yahoo Finance; not exchange-certified settlements,https://query1.finance.yahoo.com/v8/finance/chart/,"Continuous front symbols roll contracts; fixed Sep-Oct spreads avoid roll ambiguity but were deferred contracts in early 2026. The curve is a storage discriminator only, not a shortage-volume estimator or price forecast."
2026-02-02,62.13999938964844,60.08000183105469,59.79999923706055,59.40999984741211,66.30000305175781,63.869998931884766,63.619998931884766,63.2599983215332,2.73,0.280003,3.040005,0.25,near_minus_deferred: positive=backwardation; negative=contango,public daily closes transported by Yahoo Finance; not exchange-certified settlements,https://query1.finance.yahoo.com/v8/finance/chart/,"Continuous front symbols roll contracts; fixed Sep-Oct spreads avoid roll ambiguity but were deferred contracts in early 2026. The curve is a storage discriminator only, not a shortage-volume estimator or price forecast."
2026-02-03,63.209999084472656,61.2400016784668,60.959999084472656,60.540000915527344,67.33000183105469,65.06999969482422,64.80999755859375,64.4000015258789,2.669998,0.280003,2.93,0.260002,near_minus_deferred: positive=backwardation; negative=contango,public daily closes transported by Yahoo Finance; not exchange-certified settlements,https://query1.finance.yahoo.com/v8/finance/chart/,"Continuous front symbols roll contracts; fixed Sep-Oct spreads avoid roll ambiguity but were deferred contracts in early 2026. The curve is a storage discriminator only, not a shortage-volume estimator or price forecast."
2026-02-04,65.13999938964844,62.869998931884766,62.52000045776367,61.97999954223633,69.45999908447266,66.8499984741211,66.52999877929688,66.0199966430664,3.16,0.349998,3.440002,0.32,near_minus_deferred: positive=backwardation; negative=contango,public daily closes transported by Yahoo Finance; not exchange-certified settlements,https://query1.finance.yahoo.com/v8/finance/chart/,"Continuous front symbols roll contracts; fixed Sep-Oct spreads avoid roll ambiguity but were deferred contracts in early 2026. The curve is a storage discriminator only, not a shortage-volume estimator or price forecast."
2026-02-05,63.290000915527344,61.54999923706055,61.2599983215332,60.81999969482422,67.55000305175781,65.41000366210938,65.1500015258789,64.73999786376953,2.470001,0.290001,2.810005,0.260002,near_minus_deferred: positive=backwardation; negative=contango,public daily closes transported by Yahoo Finance; not exchange-certified settlements,https://query1.finance.yahoo.com/v8/finance/chart/,"Continuous front symbols roll contracts; fixed Sep-Oct spreads avoid roll ambiguity but were deferred contracts in early 2026. The curve is a storage discriminator only, not a shortage-volume estimator or price forecast."
2026-02-06,63.54999923706055,62.06999969482422,61.779998779296875,61.310001373291016,68.05000305175781,65.95999908447266,65.69000244140625,65.26000213623047,2.239998,0.290001,2.790001,0.269997,near_minus_deferred: positive=backwardation; negative=contango,public daily closes transported by Yahoo Finance; not exchange-certified settlements,https://query1.finance.yahoo.com/v8/finance/chart/,"Continuous front symbols roll contracts; fixed Sep-Oct spreads avoid roll ambiguity but were deferred contracts in early 2026. The curve is a storage discriminator only, not a shortage-volume estimator or price forecast."
2026-02-09,64.36000061035156,62.95000076293945,62.63999938964844,62.11000061035156,69.04000091552734,66.8499984741211,66.55999755859375,66.06999969482422,2.25,0.310001,2.970001,0.290001,near_minus_deferred: positive=backwardation; negative=contango,public daily closes transported by Yahoo Finance; not exchange-certified settlements,https://query1.finance.yahoo.com/v8/finance/chart/,"Continuous front symbols roll contracts; fixed Sep-Oct spreads avoid roll ambiguity but were deferred contracts in early 2026. The curve is a storage discriminator only, not a shortage-volume estimator or price forecast."
2026-02-10,63.959999084472656,62.65999984741211,62.369998931884766,61.88999938964844,68.80000305175781,66.58000183105469,66.30000305175781,65.83000183105469,2.07,0.290001,2.970001,0.279999,near_minus_deferred: positive=backwardation; negative=contango,public daily closes transported by Yahoo Finance; not exchange-certified settlements,https://query1.finance.yahoo.com/v8/finance/chart/,"Continuous front symbols roll contracts; fixed Sep-Oct spreads avoid roll ambiguity but were deferred contracts in early 2026. The curve is a storage discriminator only, not a shortage-volume estimator or price forecast."
2026-02-11,64.62999725341797,63.16999816894531,62.84000015258789,62.27000045776367,69.4000015258789,67.13999938964844,66.80999755859375,66.25,2.359997,0.329998,3.150002,0.330002,near_minus_deferred: positive=backwardation; negative=contango,public daily closes transported by Yahoo Finance; not exchange-certified settlements,https://query1.finance.yahoo.com/v8/finance/chart/,"Continuous front symbols roll contracts; fixed Sep-Oct spreads avoid roll ambiguity but were deferred contracts in early 2026. The curve is a storage discriminator only, not a shortage-volume estimator or price forecast."
2026-02-12,62.84000015258789,61.4900016784668,61.209999084472656,60.75,67.5199966430664,65.44000244140625,65.16999816894531,64.70999908447266,2.09,0.280003,2.809998,0.270004,near_minus_deferred: positive=backwardation; negative=contango,public daily closes transported by Yahoo Finance; not exchange-certified settlements,https://query1.finance.yahoo.com/v8/finance/chart/,"Continuous front symbols roll contracts; fixed Sep-Oct spreads avoid roll ambiguity but were deferred contracts in early 2026. The curve is a storage discriminator only, not a shortage-volume estimator or price forecast."
2026-02-13,62.88999938964844,61.5,61.189998626708984,60.709999084472656,67.75,65.4800033569336,65.16999816894531,64.69000244140625,2.18,0.310001,3.059998,0.310005,near_minus_deferred: positive=backwardation; negative=contango,public daily closes transported by Yahoo Finance; not exchange-certified settlements,https://query1.finance.yahoo.com/v8/finance/chart/,"Continuous front symbols roll contracts; fixed Sep-Oct spreads avoid roll ambiguity but were deferred contracts in early 2026. The curve is a storage discriminator only, not a shortage-volume estimator or price forecast."
2026-02-17,62.33000183105469,61.16999816894531,60.88999938964844,60.470001220703125,67.41999816894531,65.30000305175781,65.0,64.54000091552734,1.860001,0.279999,2.879997,0.300003,near_minus_deferred: positive=backwardation; negative=contango,public daily closes transported by Yahoo Finance; not exchange-certified settlements,https://query1.finance.yahoo.com/v8/finance/chart/,"Continuous front symbols roll contracts; fixed Sep-Oct spreads avoid roll ambiguity but were deferred contracts in early 2026. The curve is a storage discriminator only, not a shortage-volume estimator or price forecast."
2026-02-18,65.19000244140625,63.36000061035156,62.939998626708984,62.220001220703125,70.3499984741211,67.70999908447266,67.26000213623047,66.5,2.970001,0.420002,3.849998,0.449997,near_minus_deferred: positive=backwardation; negative=contango,public daily closes transported by Yahoo Finance; not exchange-certified settlements,https://query1.finance.yahoo.com/v8/finance/chart/,"Continuous front symbols roll contracts; fixed Sep-Oct spreads avoid roll ambiguity but were deferred contracts in early 2026. The curve is a storage discriminator only, not a shortage-volume estimator or price forecast."
2026-02-19,66.43000030517578,64.43000030517578,63.900001525878906,63.0099983215332,71.66000366210938,68.83000183105469,68.30000305175781,67.4000015258789,3.420002,0.529999,4.260002,0.529999,near_minus_deferred: positive=backwardation; negative=contango,public daily closes transported by Yahoo Finance; not exchange-certified settlements,https://query1.finance.yahoo.com/v8/finance/chart/,"Continuous front symbols roll contracts; fixed Sep-Oct spreads avoid roll ambiguity but were deferred contracts in early 2026. The curve is a storage discriminator only, not a shortage-volume estimator or price forecast."
2026-02-20,66.38999938964844,64.44999694824219,63.95000076293945,63.08000183105469,71.76000213623047,68.80999755859375,68.30000305175781,67.43000030517578,3.309998,0.499996,4.330002,0.509995,near_minus_deferred: positive=backwardation; negative=contango,public daily closes transported by Yahoo Finance; not exchange-certified settlements,https://query1.finance.yahoo.com/v8/finance/chart/,"Continuous front symbols roll contracts; fixed Sep-Oct spreads avoid roll ambiguity but were deferred contracts in early 2026. The curve is a storage discriminator only, not a shortage-volume estimator or price forecast."
2026-02-23,66.30999755859375,64.5199966430664,64.04000091552734,63.22999954223633,71.48999786376953,68.81999969482422,68.33000183105469,67.5199966430664,3.079998,0.479996,3.970001,0.489998,near_minus_deferred: positive=backwardation; negative=contango,public daily closes transported by Yahoo Finance; not exchange-certified settlements,https://query1.finance.yahoo.com/v8/finance/chart/,"Continuous front symbols roll contracts; fixed Sep-Oct spreads avoid roll ambiguity but were deferred contracts in early 2026. The curve is a storage discriminator only, not a shortage-volume estimator or price forecast."
2026-02-24,65.62999725341797,64.25,63.83000183105469,63.130001068115234,70.7699966430664,68.6500015258789,68.20999908447266,67.47000122070312,2.499996,0.419998,3.299995,0.440002,near_minus_deferred: positive=backwardation; negative=contango,public daily closes transported by Yahoo Finance; not exchange-certified settlements,https://query1.finance.yahoo.com/v8/finance/chart/,"Continuous front symbols roll contracts; fixed Sep-Oct spreads avoid roll ambiguity but were deferred contracts in early 2026. The curve is a storage discriminator only, not a shortage-volume estimator or price forecast."
2026-02-25,65.41999816894531,64.16000366210938,63.7400016784668,63.04999923706055,70.8499984741211,68.75,68.30000305175781,67.55000305175781,2.369999,0.420002,3.299995,0.449997,near_minus_deferred: positive=backwardation; negative=contango,public daily closes transported by Yahoo Finance; not exchange-certified settlements,https://query1.finance.yahoo.com/v8/finance/chart/,"Continuous front symbols roll contracts; fixed Sep-Oct spreads avoid roll ambiguity but were deferred contracts in early 2026. The curve is a storage discriminator only, not a shortage-volume estimator or price forecast."
2026-02-26,65.20999908447266,63.7599983215332,63.31999969482422,62.58000183105469,70.75,68.69000244140625,68.19000244140625,67.36000061035156,2.629997,0.439999,3.389999,0.5,near_minus_deferred: positive=backwardation; negative=contango,public daily closes transported by Yahoo Finance; not exchange-certified settlements,https://query1.finance.yahoo.com/v8/finance/chart/,"Continuous front symbols roll contracts; fixed Sep-Oct spreads avoid roll ambiguity but were deferred contracts in early 2026. The curve is a storage discriminator only, not a shortage-volume estimator or price forecast."
2026-02-27,67.0199966430664,65.1500015258789,64.62000274658203,63.72999954223633,72.4800033569336,70.19999694824219,69.61000061035156,68.63999938964844,3.289997,0.529999,3.840004,0.589996,near_minus_deferred: positive=backwardation; negative=contango,public daily closes transported by Yahoo Finance; not exchange-certified settlements,https://query1.finance.yahoo.com/v8/finance/chart/,"Continuous front symbols roll contracts; fixed Sep-Oct spreads avoid roll ambiguity but were deferred contracts in early 2026. The curve is a storage discriminator only, not a shortage-volume estimator or price forecast."
2026-03-02,71.2300033569336,67.06999969482422,66.18000030517578,64.77999877929688,77.73999786376953,72.4800033569336,71.5199966430664,70.0199966430664,6.450005,0.889999,7.720001,0.960007,near_minus_deferred: positive=backwardation; negative=contango,public daily closes transported by Yahoo Finance; not exchange-certified settlements,https://query1.finance.yahoo.com/v8/finance/chart/,"Continuous front symbols roll contracts; fixed Sep-Oct spreads avoid roll ambiguity but were deferred contracts in early 2026. The curve is a storage discriminator only, not a shortage-volume estimator or price forecast."
2026-03-03,74.55999755859375,68.11000061035156,67.02999877929688,65.29000091552734,81.4000015258789,73.37000274658203,72.25,70.48999786376953,9.269997,1.080002,10.910004,1.120003,near_minus_deferred: positive=backwardation; negative=contango,public daily closes transported by Yahoo Finance; not exchange-certified settlements,https://query1.finance.yahoo.com/v8/finance/chart/,"Continuous front symbols roll contracts; fixed Sep-Oct spreads avoid roll ambiguity but were deferred contracts in early 2026. The curve is a storage discriminator only, not a shortage-volume estimator or price forecast."
2026-03-04,74.66000366210938,68.19000244140625,67.22000122070312,65.69999694824219,81.4000015258789,73.19999694824219,72.19999694824219,70.66000366210938,8.960007,0.970001,10.739998,1.0,near_minus_deferred: positive=backwardation; negative=contango,public daily closes transported by Yahoo Finance; not exchange-certified settlements,https://query1.finance.yahoo.com/v8/finance/chart/,"Continuous front symbols roll contracts; fixed Sep-Oct spreads avoid roll ambiguity but were deferred contracts in early 2026. The curve is a storage discriminator only, not a shortage-volume estimator or price forecast."
2026-03-05,81.01000213623047,70.16000366210938,69.04000091552734,67.30999755859375,85.41000366210938,74.66000366210938,73.58999633789062,71.93000030517578,13.700005,1.120003,13.480003,1.070007,near_minus_deferred: positive=backwardation; negative=contango,public daily closes transported by Yahoo Finance; not exchange-certified settlements,https://query1.finance.yahoo.com/v8/finance/chart/,"Continuous front symbols roll contracts; fixed Sep-Oct spreads avoid roll ambiguity but were deferred contracts in early 2026. The curve is a storage discriminator only, not a shortage-volume estimator or price forecast."
2026-03-06,90.9000015258789,72.9800033569336,71.41000366210938,69.23999786376953,92.69000244140625,77.81999969482422,76.2699966430664,74.16999816894531,21.660004,1.57,18.520004,1.550003,near_minus_deferred: positive=backwardation; negative=contango,public daily closes transported by Yahoo Finance; not exchange-certified settlements,https://query1.finance.yahoo.com/v8/finance/chart/,"Continuous front symbols roll contracts; fixed Sep-Oct spreads avoid roll ambiguity but were deferred contracts in early 2026. The curve is a storage discriminator only, not a shortage-volume estimator or price forecast."
2026-03-09,94.7699966430664,76.13999938964844,74.0199966430664,71.16999816894531,98.95999908447266,82.4000015258789,80.1500015258789,77.05999755859375,23.599998,2.120003,21.900002,2.25,near_minus_deferred: positive=backwardation; negative=contango,public daily closes transported by Yahoo Finance; not exchange-certified settlements,https://query1.finance.yahoo.com/v8/finance/chart/,"Continuous front symbols roll contracts; fixed Sep-Oct spreads avoid roll ambiguity but were deferred contracts in early 2026. The curve is a storage discriminator only, not a shortage-volume estimator or price forecast."
2026-03-10,83.44999694824219,72.94999694824219,71.45999908447266,69.37000274658203,87.80000305175781,78.44000244140625,76.91000366210938,74.69999694824219,14.079994,1.489998,13.100006,1.529999,near_minus_deferred: positive=backwardation; negative=contango,public daily closes transported by Yahoo Finance; not exchange-certified settlements,https://query1.finance.yahoo.com/v8/finance/chart/,"Continuous front symbols roll contracts; fixed Sep-Oct spreads avoid roll ambiguity but were deferred contracts in early 2026. The curve is a storage discriminator only, not a shortage-volume estimator or price forecast."
2026-03-11,87.25,76.81999969482422,75.04000091552734,72.30999755859375,91.9800033569336,82.27999877929688,80.51000213623047,77.7699966430664,14.940002,1.779999,14.210007,1.769997,near_minus_deferred: positive=backwardation; negative=contango,public daily closes transported by Yahoo Finance; not exchange-certified settlements,https://query1.finance.yahoo.com/v8/finance/chart/,"Continuous front symbols roll contracts; fixed Sep-Oct spreads avoid roll ambiguity but were deferred contracts in early 2026. The curve is a storage discriminator only, not a shortage-volume estimator or price forecast."
2026-03-12,95.7300033569336,81.27999877929688,78.88999938964844,75.16999816894531,100.45999908447266,86.80000305175781,84.41999816894531,80.72000122070312,20.560005,2.389999,19.739998,2.380005,near_minus_deferred: positive=backwardation; negative=contango,public daily closes transported by Yahoo Finance; not exchange-certified settlements,https://query1.finance.yahoo.com/v8/finance/chart/,"Continuous front symbols roll contracts; fixed Sep-Oct spreads avoid roll ambiguity but were deferred contracts in early 2026. The curve is a storage discriminator only, not a shortage-volume estimator or price forecast."
2026-03-13,98.70999908447266,82.5199966430664,80.08000183105469,76.31999969482422,103.13999938964844,88.11000061035156,85.66000366210938,81.97000122070312,22.389999,2.439995,21.169998,2.449997,near_minus_deferred: positive=backwardation; negative=contango,public daily closes transported by Yahoo Finance; not exchange-certified settlements,https://query1.finance.yahoo.com/v8/finance/chart/,"Continuous front symbols roll contracts; fixed Sep-Oct spreads avoid roll ambiguity but were deferred contracts in early 2026. The curve is a storage discriminator only, not a shortage-volume estimator or price forecast."
2026-03-16,93.5,79.66999816894531,77.66999816894531,74.7699966430664,100.20999908447266,85.5199966430664,83.4000015258789,80.41999816894531,18.730003,2.0,19.790001,2.119995,near_minus_deferred: positive=backwardation; negative=contango,public daily closes transported by Yahoo Finance; not exchange-certified settlements,https://query1.finance.yahoo.com/v8/finance/chart/,"Continuous front symbols roll contracts; fixed Sep-Oct spreads avoid roll ambiguity but were deferred contracts in early 2026. The curve is a storage discriminator only, not a shortage-volume estimator or price forecast."
2026-03-17,96.20999908447266,81.69000244140625,79.47000122070312,76.36000061035156,103.41999816894531,88.20999908447266,85.79000091552734,82.47000122070312,19.849998,2.220001,20.949997,2.419998,near_minus_deferred: positive=backwardation; negative=contango,public daily closes transported by Yahoo Finance; not exchange-certified settlements,https://query1.finance.yahoo.com/v8/finance/chart/,"Continuous front symbols roll contracts; fixed Sep-Oct spreads avoid roll ambiguity but were deferred contracts in early 2026. The curve is a storage discriminator only, not a shortage-volume estimator or price forecast."
2026-03-18,96.31999969482422,83.25,80.97000122070312,77.86000061035156,107.37999725341797,90.76000213623047,88.19000244140625,84.73999786376953,18.459999,2.279999,22.639999,2.57,near_minus_deferred: positive=backwardation; negative=contango,public daily closes transported by Yahoo Finance; not exchange-certified settlements,https://query1.finance.yahoo.com/v8/finance/chart/,"Continuous front symbols roll contracts; fixed Sep-Oct spreads avoid roll ambiguity but were deferred contracts in early 2026. The curve is a storage discriminator only, not a shortage-volume estimator or price forecast."
2026-03-19,96.13999938964844,83.76000213623047,81.37000274658203,78.41000366210938,108.6500015258789,90.88999938964844,88.38999938964844,85.18000030517578,17.729996,2.389999,23.470001,2.5,near_minus_deferred: positive=backwardation; negative=contango,public daily closes transported by Yahoo Finance; not exchange-certified settlements,https://query1.finance.yahoo.com/v8/finance/chart/,"Continuous front symbols roll contracts; fixed Sep-Oct spreads avoid roll ambiguity but were deferred contracts in early 2026. The curve is a storage discriminator only, not a shortage-volume estimator or price forecast."
2026-03-20,98.31999969482422,83.93000030517578,81.48999786376953,78.58000183105469,112.19000244140625,91.86000061035156,89.16999816894531,85.87000274658203,19.739998,2.440002,26.32,2.690002,near_minus_deferred: positive=backwardation; negative=contango,public daily closes transported by Yahoo Finance; not exchange-certified settlements,https://query1.finance.yahoo.com/v8/finance/chart/,"Continuous front symbols roll contracts; fixed Sep-Oct spreads avoid roll ambiguity but were deferred contracts in early 2026. The curve is a storage discriminator only, not a shortage-volume estimator or price forecast."
2026-03-23,88.12999725341797,77.5999984741211,75.79000091552734,73.58999633789062,99.94000244140625,85.30999755859375,83.22000122070312,80.55000305175781,14.540001,1.809998,19.389999,2.089996,near_minus_deferred: positive=backwardation; negative=contango,public daily closes transported by Yahoo Finance; not exchange-certified settlements,https://query1.finance.yahoo.com/v8/finance/chart/,"Continuous front symbols roll contracts; fixed Sep-Oct spreads avoid roll ambiguity but were deferred contracts in early 2026. The curve is a storage discriminator only, not a shortage-volume estimator or price forecast."
2026-03-24,92.3499984741211,81.43000030517578,79.37999725341797,76.76000213623047,104.48999786376953,88.68000030517578,86.44999694824219,83.55999755859375,15.589996,2.050003,20.93,2.230003,near_minus_deferred: positive=backwardation; negative=contango,public daily closes transported by Yahoo Finance; not exchange-certified settlements,https://query1.finance.yahoo.com/v8/finance/chart/,"Continuous front symbols roll contracts; fixed Sep-Oct spreads avoid roll ambiguity but were deferred contracts in early 2026. The curve is a storage discriminator only, not a shortage-volume estimator or price forecast."
2026-03-25,90.31999969482422,80.3499984741211,78.48999786376953,76.0,102.22000122070312,86.91999816894531,84.9800033569336,82.29000091552734,14.32,1.860001,19.93,1.939995,near_minus_deferred: positive=backwardation; negative=contango,public daily closes transported by Yahoo Finance; not exchange-certified settlements,https://query1.finance.yahoo.com/v8/finance/chart/,"Continuous front symbols roll contracts; fixed Sep-Oct spreads avoid roll ambiguity but were deferred contracts in early 2026. The curve is a storage discriminator only, not a shortage-volume estimator or price forecast."
2026-03-26,94.4800033569336,82.72000122070312,80.5999984741211,77.6500015258789,108.01000213623047,89.81999969482422,87.58000183105469,84.41000366210938,16.830002,2.120003,23.599998,2.239998,near_minus_deferred: positive=backwardation; negative=contango,public daily closes transported by Yahoo Finance; not exchange-certified settlements,https://query1.finance.yahoo.com/v8/finance/chart/,"Continuous front symbols roll contracts; fixed Sep-Oct spreads avoid roll ambiguity but were deferred contracts in early 2026. The curve is a storage discriminator only, not a shortage-volume estimator or price forecast."
2026-03-27,99.63999938964844,82.88999938964844,80.4000015258789,77.36000061035156,112.56999969482422,90.3499984741211,87.7699966430664,84.43000030517578,22.279999,2.489998,28.139999,2.580002,near_minus_deferred: positive=backwardation; negative=contango,public daily closes transported by Yahoo Finance; not exchange-certified settlements,https://query1.finance.yahoo.com/v8/finance/chart/,"Continuous front symbols roll contracts; fixed Sep-Oct spreads avoid roll ambiguity but were deferred contracts in early 2026. The curve is a storage discriminator only, not a shortage-volume estimator or price forecast."
2026-03-30,102.87999725341797,82.77999877929688,80.02999877929688,76.83999633789062,112.77999877929688,90.73999786376953,87.7699966430664,84.06999969482422,26.040001,2.75,28.709999,2.970001,near_minus_deferred: positive=backwardation; negative=contango,public daily closes transported by Yahoo Finance; not exchange-certified settlements,https://query1.finance.yahoo.com/v8/finance/chart/,"Continuous front symbols roll contracts; fixed Sep-Oct spreads avoid roll ambiguity but were deferred contracts in early 2026. The curve is a storage discriminator only, not a shortage-volume estimator or price forecast."
2026-03-31,101.37999725341797,77.9800033569336,75.2699966430664,72.47000122070312,118.3499984741211,85.91000366210938,82.94999694824219,79.62000274658203,28.909996,2.710007,38.729996,2.960007,near_minus_deferred: positive=backwardation; negative=contango,public daily closes transported by Yahoo Finance; not exchange-certified settlements,https://query1.finance.yahoo.com/v8/finance/chart/,"Continuous front symbols roll contracts; fixed Sep-Oct spreads avoid roll ambiguity but were deferred contracts in early 2026. The curve is a storage discriminator only, not a shortage-volume estimator or price forecast."
2026-04-01,100.12000274658203,76.26000213623047,73.8499984741211,71.38999938964844,101.16000366210938,83.95999908447266,81.25,78.1500015258789,28.730003,2.410004,23.010002,2.709999,near_minus_deferred: positive=backwardation; negative=contango,public daily closes transported by Yahoo Finance; not exchange-certified settlements,https://query1.finance.yahoo.com/v8/finance/chart/,"Continuous front symbols roll contracts; fixed Sep-Oct spreads avoid roll ambiguity but were deferred contracts in early 2026. The curve is a storage discriminator only, not a shortage-volume estimator or price forecast."
2026-04-02,111.54000091552734,77.87000274658203,74.83999633789062,72.11000061035156,109.02999877929688,85.94999694824219,82.54000091552734,79.0199966430664,39.43,3.030006,30.010002,3.409996,near_minus_deferred: positive=backwardation; negative=contango,public daily closes transported by Yahoo Finance; not exchange-certified settlements,https://query1.finance.yahoo.com/v8/finance/chart/,"Continuous front symbols roll contracts; fixed Sep-Oct spreads avoid roll ambiguity but were deferred contracts in early 2026. The curve is a storage discriminator only, not a shortage-volume estimator or price forecast."
2026-04-06,112.41000366210938,79.37999725341797,76.4800033569336,73.86000061035156,109.7699966430664,86.95999908447266,83.7300033569336,80.48999786376953,38.550003,2.899994,29.279999,3.229996,near_minus_deferred: positive=backwardation; negative=contango,public daily closes transported by Yahoo Finance; not exchange-certified settlements,https://query1.finance.yahoo.com/v8/finance/chart/,"Continuous front symbols roll contracts; fixed Sep-Oct spreads avoid roll ambiguity but were deferred contracts in early 2026. The curve is a storage discriminator only, not a shortage-volume estimator or price forecast."
2026-04-07,112.94999694824219,80.5,77.7699966430664,75.18000030517578,109.2699966430664,87.94999694824219,84.94000244140625,81.80000305175781,37.769997,2.730003,27.469994,3.009995,near_minus_deferred: positive=backwardation; negative=contango,public daily closes transported by Yahoo Finance; not exchange-certified settlements,https://query1.finance.yahoo.com/v8/finance/chart/,"Continuous front symbols roll contracts; fixed Sep-Oct spreads avoid roll ambiguity but were deferred contracts in early 2026. The curve is a storage discriminator only, not a shortage-volume estimator or price forecast."
2026-04-08,94.41000366210938,78.02999877929688,76.22000122070312,74.22000122070312,94.75,84.11000061035156,82.4000015258789,80.16999816894531,20.190002,1.809998,14.580002,1.709999,near_minus_deferred: positive=backwardation; negative=contango,public daily closes transported by Yahoo Finance; not exchange-certified settlements,https://query1.finance.yahoo.com/v8/finance/chart/,"Continuous front symbols roll contracts; fixed Sep-Oct spreads avoid roll ambiguity but were deferred contracts in early 2026. The curve is a storage discriminator only, not a shortage-volume estimator or price forecast."
2026-04-09,97.87000274658203,78.37999725341797,76.51000213623047,74.38999938964844,95.91999816894531,84.1500015258789,82.47000122070312,80.19000244140625,23.480003,1.869995,15.729996,1.68,near_minus_deferred: positive=backwardation; negative=contango,public daily closes transported by Yahoo Finance; not exchange-certified settlements,https://query1.finance.yahoo.com/v8/finance/chart/,"Continuous front symbols roll contracts; fixed Sep-Oct spreads avoid roll ambiguity but were deferred contracts in early 2026. The curve is a storage discriminator only, not a shortage-volume estimator or price forecast."
2026-04-10,96.56999969482422,79.0199966430664,77.30000305175781,75.25,95.19999694824219,84.63999938964844,83.12999725341797,81.0,21.32,1.719994,14.199997,1.510002,near_minus_deferred: positive=backwardation; negative=contango,public daily closes transported by Yahoo Finance; not exchange-certified settlements,https://query1.finance.yahoo.com/v8/finance/chart/,"Continuous front symbols roll contracts; fixed Sep-Oct spreads avoid roll ambiguity but were deferred contracts in early 2026. The curve is a storage discriminator only, not a shortage-volume estimator or price forecast."
2026-04-13,99.08000183105469,81.86000061035156,79.91000366210938,77.33999633789062,99.36000061035156,87.37000274658203,85.63999938964844,83.1500015258789,21.740005,1.949997,16.209999,1.730003,near_minus_deferred: positive=backwardation; negative=contango,public daily closes transported by Yahoo Finance; not exchange-certified settlements,https://query1.finance.yahoo.com/v8/finance/chart/,"Continuous front symbols roll contracts; fixed Sep-Oct spreads avoid roll ambiguity but were deferred contracts in early 2026. The curve is a storage discriminator only, not a shortage-volume estimator or price forecast."
2026-04-14,91.27999877929688,79.58999633789062,77.87999725341797,75.73999786376953,94.79000091552734,85.20999908447266,83.66999816894531,81.41999816894531,15.540001,1.709999,13.370003,1.540001,near_minus_deferred: positive=backwardation; negative=contango,public daily closes transported by Yahoo Finance; not exchange-certified settlements,https://query1.finance.yahoo.com/v8/finance/chart/,"Continuous front symbols roll contracts; fixed Sep-Oct spreads avoid roll ambiguity but were deferred contracts in early 2026. The curve is a storage discriminator only, not a shortage-volume estimator or price forecast."
2026-04-15,91.29000091552734,80.2300033569336,78.5,76.4000015258789,94.93000030517578,85.98999786376953,84.4000015258789,82.16999816894531,14.889999,1.730003,12.760002,1.589996,near_minus_deferred: positive=backwardation; negative=contango,public daily closes transported by Yahoo Finance; not exchange-certified settlements,https://query1.finance.yahoo.com/v8/finance/chart/,"Continuous front symbols roll contracts; fixed Sep-Oct spreads avoid roll ambiguity but were deferred contracts in early 2026. The curve is a storage discriminator only, not a shortage-volume estimator or price forecast."
2026-04-16,94.69000244140625,80.86000061035156,78.87000274658203,76.58999633789062,99.38999938964844,87.30000305175781,85.38999938964844,82.77999877929688,18.100006,1.989998,16.610001,1.910004,near_minus_deferred: positive=backwardation; negative=contango,public daily closes transported by Yahoo Finance; not exchange-certified settlements,https://query1.finance.yahoo.com/v8/finance/chart/,"Continuous front symbols roll contracts; fixed Sep-Oct spreads avoid roll ambiguity but were deferred contracts in early 2026. The curve is a storage discriminator only, not a shortage-volume estimator or price forecast."
2026-04-17,83.8499984741211,76.11000061035156,74.58000183105469,72.6500015258789,90.37999725341797,82.01000213623047,80.54000091552734,78.44999694824219,11.199997,1.529999,11.93,1.470001,near_minus_deferred: positive=backwardation; negative=contango,public daily closes transported by Yahoo Finance; not exchange-certified settlements,https://query1.finance.yahoo.com/v8/finance/chart/,"Continuous front symbols roll contracts; fixed Sep-Oct spreads avoid roll ambiguity but were deferred contracts in early 2026. The curve is a storage discriminator only, not a shortage-volume estimator or price forecast."
2026-04-20,89.61000061035156,78.66999816894531,76.87000274658203,74.58000183105469,95.4800033569336,85.0,83.27999877929688,80.77999877929688,15.029999,1.799995,14.700005,1.720001,near_minus_deferred: positive=backwardation; negative=contango,public daily closes transported by Yahoo Finance; not exchange-certified settlements,https://query1.finance.yahoo.com/v8/finance/chart/,"Continuous front symbols roll contracts; fixed Sep-Oct spreads avoid roll ambiguity but were deferred contracts in early 2026. The curve is a storage discriminator only, not a shortage-volume estimator or price forecast."
2026-04-21,92.12999725341797,80.02999877929688,77.98999786376953,75.37999725341797,98.4800033569336,86.83999633789062,84.81999969482422,81.94000244140625,16.75,2.040001,16.540001,2.019997,near_minus_deferred: positive=backwardation; negative=contango,public daily closes transported by Yahoo Finance; not exchange-certified settlements,https://query1.finance.yahoo.com/v8/finance/chart/,"Continuous front symbols roll contracts; fixed Sep-Oct spreads avoid roll ambiguity but were deferred contracts in early 2026. The curve is a storage discriminator only, not a shortage-volume estimator or price forecast."
2026-04-22,92.95999908447266,81.51000213623047,79.26000213623047,76.45999908447266,101.91000366210938,88.80999755859375,86.51000213623047,83.29000091552734,16.5,2.25,18.620003,2.299995,near_minus_deferred: positive=backwardation; negative=contango,public daily closes transported by Yahoo Finance; not exchange-certified settlements,https://query1.finance.yahoo.com/v8/finance/chart/,"Continuous front symbols roll contracts; fixed Sep-Oct spreads avoid roll ambiguity but were deferred contracts in early 2026. The curve is a storage discriminator only, not a shortage-volume estimator or price forecast."
2026-04-23,95.8499984741211,83.33999633789062,80.91999816894531,77.8499984741211,105.06999969482422,91.23999786376953,88.69999694824219,85.08000183105469,18.0,2.419998,19.989998,2.540001,near_minus_deferred: positive=backwardation; negative=contango,public daily closes transported by Yahoo Finance; not exchange-certified settlements,https://query1.finance.yahoo.com/v8/finance/chart/,"Continuous front symbols roll contracts; fixed Sep-Oct spreads avoid roll ambiguity but were deferred contracts in early 2026. The curve is a storage discriminator only, not a shortage-volume estimator or price forecast."
2026-04-24,94.4000015258789,82.70999908447266,80.4000015258789,77.4800033569336,105.33000183105469,90.94999694824219,88.41000366210938,84.80999755859375,16.919998,2.309998,20.520004,2.539993,near_minus_deferred: positive=backwardation; negative=contango,public daily closes transported by Yahoo Finance; not exchange-certified settlements,https://query1.finance.yahoo.com/v8/finance/chart/,"Continuous front symbols roll contracts; fixed Sep-Oct spreads avoid roll ambiguity but were deferred contracts in early 2026. The curve is a storage discriminator only, not a shortage-volume estimator or price forecast."
2026-04-27,96.37000274658203,84.06999969482422,81.5199966430664,78.26000213623047,108.2300033569336,93.12000274658203,90.25,86.16000366210938,18.110001,2.550003,22.07,2.870003,near_minus_deferred: positive=backwardation; negative=contango,public daily closes transported by Yahoo Finance; not exchange-certified settlements,https://query1.finance.yahoo.com/v8/finance/chart/,"Continuous front symbols roll contracts; fixed Sep-Oct spreads avoid roll ambiguity but were deferred contracts in early 2026. The curve is a storage discriminator only, not a shortage-volume estimator or price forecast."
2026-04-28,99.93000030517578,85.86000061035156,82.70999908447266,78.68000030517578,111.26000213623047,94.56999969482422,91.18000030517578,86.44999694824219,21.25,3.150002,24.810005,3.389999,near_minus_deferred: positive=backwardation; negative=contango,public daily closes transported by Yahoo Finance; not exchange-certified settlements,https://query1.finance.yahoo.com/v8/finance/chart/,"Continuous front symbols roll contracts; fixed Sep-Oct spreads avoid roll ambiguity but were deferred contracts in early 2026. The curve is a storage discriminator only, not a shortage-volume estimator or price forecast."
2026-04-29,106.87999725341797,88.86000061035156,84.72000122070312,79.48999786376953,118.02999877929688,97.94999694824219,93.44000244140625,87.2699966430664,27.389999,4.139999,30.760002,4.509995,near_minus_deferred: positive=backwardation; negative=contango,public daily closes transported by Yahoo Finance; not exchange-certified settlements,https://query1.finance.yahoo.com/v8/finance/chart/,"Continuous front symbols roll contracts; fixed Sep-Oct spreads avoid roll ambiguity but were deferred contracts in early 2026. The curve is a storage discriminator only, not a shortage-volume estimator or price forecast."
2026-04-30,105.06999969482422,88.77999877929688,84.9800033569336,80.20999908447266,114.01000213623047,97.93000030517578,93.62000274658203,87.8499984741211,24.860001,3.799995,26.160004,4.309998,near_minus_deferred: positive=backwardation; negative=contango,public daily closes transported by Yahoo Finance; not exchange-certified settlements,https://query1.finance.yahoo.com/v8/finance/chart/,"Continuous front symbols roll contracts; fixed Sep-Oct spreads avoid roll ambiguity but were deferred contracts in early 2026. The curve is a storage discriminator only, not a shortage-volume estimator or price forecast."
2026-05-01,101.94000244140625,87.38999938964844,83.91999816894531,79.52999877929688,108.16999816894531,96.87999725341797,92.83000183105469,87.4000015258789,22.410004,3.470001,20.769997,4.049995,near_minus_deferred: positive=backwardation; negative=contango,public daily closes transported by Yahoo Finance; not exchange-certified settlements,https://query1.finance.yahoo.com/v8/finance/chart/,"Continuous front symbols roll contracts; fixed Sep-Oct spreads avoid roll ambiguity but were deferred contracts in early 2026. The curve is a storage discriminator only, not a shortage-volume estimator or price forecast."
2026-05-04,106.41999816894531,92.26000213623047,88.66000366210938,83.72000122070312,114.44000244140625,102.52999877929688,98.16000366210938,91.98999786376953,22.699997,3.599998,22.450005,4.369995,near_minus_deferred: positive=backwardation; negative=contango,public daily closes transported by Yahoo Finance; not exchange-certified settlements,https://query1.finance.yahoo.com/v8/finance/chart/,"Continuous front symbols roll contracts; fixed Sep-Oct spreads avoid roll ambiguity but were deferred contracts in early 2026. The curve is a storage discriminator only, not a shortage-volume estimator or price forecast."
2026-05-05,102.2699966430664,89.91999816894531,86.48999786376953,81.79000091552734,109.87000274658203,100.2300033569336,96.33000183105469,90.56999969482422,20.479996,3.43,19.300003,3.900002,near_minus_deferred: positive=backwardation; negative=contango,public daily closes transported by Yahoo Finance; not exchange-certified settlements,https://query1.finance.yahoo.com/v8/finance/chart/,"Continuous front symbols roll contracts; fixed Sep-Oct spreads avoid roll ambiguity but were deferred contracts in early 2026. The curve is a storage discriminator only, not a shortage-volume estimator or price forecast."
2026-05-06,95.08000183105469,84.16000366210938,81.19000244140625,77.06999969482422,101.2699966430664,93.29000091552734,90.02999877929688,85.12000274658203,18.010002,2.970001,16.149994,3.260002,near_minus_deferred: positive=backwardation; negative=contango,public daily closes transported by Yahoo Finance; not exchange-certified settlements,https://query1.finance.yahoo.com/v8/finance/chart/,"Continuous front symbols roll contracts; fixed Sep-Oct spreads avoid roll ambiguity but were deferred contracts in early 2026. The curve is a storage discriminator only, not a shortage-volume estimator or price forecast."
2026-05-07,94.80999755859375,84.20999908447266,81.48999786376953,77.55000305175781,100.05999755859375,93.05999755859375,90.08999633789062,85.43000030517578,17.259995,2.720001,14.629997,2.970001,near_minus_deferred: positive=backwardation; negative=contango,public daily closes transported by Yahoo Finance; not exchange-certified settlements,https://query1.finance.yahoo.com/v8/finance/chart/,"Continuous front symbols roll contracts; fixed Sep-Oct spreads avoid roll ambiguity but were deferred contracts in early 2026. The curve is a storage discriminator only, not a shortage-volume estimator or price forecast."
2026-05-08,95.41999816894531,85.26000213623047,82.83999633789062,79.37000274658203,101.29000091552734,94.37000274658203,91.58999633789062,87.27999877929688,16.049995,2.420006,14.010002,2.780006,near_minus_deferred: positive=backwardation; negative=contango,public daily closes transported by Yahoo Finance; not exchange-certified settlements,https://query1.finance.yahoo.com/v8/finance/chart/,"Continuous front symbols roll contracts; fixed Sep-Oct spreads avoid roll ambiguity but were deferred contracts in early 2026. The curve is a storage discriminator only, not a shortage-volume estimator or price forecast."
2026-05-11,98.06999969482422,87.9000015258789,85.33000183105469,81.62999725341797,104.20999908447266,96.94999694824219,94.01000213623047,89.5,16.440002,2.57,14.709999,2.939995,near_minus_deferred: positive=backwardation; negative=contango,public daily closes transported by Yahoo Finance; not exchange-certified settlements,https://query1.finance.yahoo.com/v8/finance/chart/,"Continuous front symbols roll contracts; fixed Sep-Oct spreads avoid roll ambiguity but were deferred contracts in early 2026. The curve is a storage discriminator only, not a shortage-volume estimator or price forecast."
2026-05-12,102.18000030517578,90.83999633789062,87.88999938964844,83.62999725341797,107.7699966430664,100.02999877929688,96.73999786376953,91.69999694824219,18.550003,2.949997,16.07,3.290001,near_minus_deferred: positive=backwardation; negative=contango,public daily closes transported by Yahoo Finance; not exchange-certified settlements,https://query1.finance.yahoo.com/v8/finance/chart/,"Continuous front symbols roll contracts; fixed Sep-Oct spreads avoid roll ambiguity but were deferred contracts in early 2026. The curve is a storage discriminator only, not a shortage-volume estimator or price forecast."
2026-05-13,101.0199966430664,88.72000122070312,85.76000213623047,81.66999816894531,105.62999725341797,97.73999786376953,94.44999694824219,89.61000061035156,19.349998,2.959999,16.019997,3.290001,near_minus_deferred: positive=backwardation; negative=contango,public daily closes transported by Yahoo Finance; not exchange-certified settlements,https://query1.finance.yahoo.com/v8/finance/chart/,"Continuous front symbols roll contracts; fixed Sep-Oct spreads avoid roll ambiguity but were deferred contracts in early 2026. The curve is a storage discriminator only, not a shortage-volume estimator or price forecast."
2026-05-14,101.16999816894531,88.61000061035156,85.52999877929688,81.38999938964844,105.72000122070312,97.33000183105469,93.95999908447266,89.0999984741211,19.779999,3.080002,16.620003,3.370003,near_minus_deferred: positive=backwardation; negative=contango,public daily closes transported by Yahoo Finance; not exchange-certified settlements,https://query1.finance.yahoo.com/v8/finance/chart/,"Continuous front symbols roll contracts; fixed Sep-Oct spreads avoid roll ambiguity but were deferred contracts in early 2026. The curve is a storage discriminator only, not a shortage-volume estimator or price forecast."
2026-05-15,105.41999816894531,91.83000183105469,88.30999755859375,83.41999816894531,109.26000213623047,100.31999969482422,96.54000091552734,90.9800033569336,22.0,3.520004,18.279999,3.779999,near_minus_deferred: positive=backwardation; negative=contango,public daily closes transported by Yahoo Finance; not exchange-certified settlements,https://query1.finance.yahoo.com/v8/finance/chart/,"Continuous front symbols roll contracts; fixed Sep-Oct spreads avoid roll ambiguity but were deferred contracts in early 2026. The curve is a storage discriminator only, not a shortage-volume estimator or price forecast."
2026-05-18,108.66000366210938,94.79000091552734,90.8499984741211,85.31999969482422,112.0999984741211,102.7699966430664,98.7300033569336,92.76000213623047,23.340004,3.940002,19.339996,4.039993,near_minus_deferred: positive=backwardation; negative=contango,public daily closes transported by Yahoo Finance; not exchange-certified settlements,https://query1.finance.yahoo.com/v8/finance/chart/,"Continuous front symbols roll contracts; fixed Sep-Oct spreads avoid roll ambiguity but were deferred contracts in early 2026. The curve is a storage discriminator only, not a shortage-volume estimator or price forecast."
2026-05-19,107.7699966430664,94.41999816894531,90.38999938964844,84.73999786376953,111.27999877929688,102.01000213623047,97.87999725341797,91.87999725341797,23.029999,4.029999,19.400002,4.130005,near_minus_deferred: positive=backwardation; negative=contango,public daily closes transported by Yahoo Finance; not exchange-certified settlements,https://query1.finance.yahoo.com/v8/finance/chart/,"Continuous front symbols roll contracts; fixed Sep-Oct spreads avoid roll ambiguity but were deferred contracts in early 2026. The curve is a storage discriminator only, not a shortage-volume estimator or price forecast."
2026-05-20,98.26000213623047,90.01000213623047,86.47000122070312,81.44999694824219,105.0199966430664,97.0199966430664,93.44999694824219,88.23999786376953,16.810005,3.540001,16.779999,3.57,near_minus_deferred: positive=backwardation; negative=contango,public daily closes transported by Yahoo Finance; not exchange-certified settlements,https://query1.finance.yahoo.com/v8/finance/chart/,"Continuous front symbols roll contracts; fixed Sep-Oct spreads avoid roll ambiguity but were deferred contracts in early 2026. The curve is a storage discriminator only, not a shortage-volume estimator or price forecast."
2026-05-21,96.3499984741211,89.36000061035156,86.05999755859375,81.19000244140625,102.58000183105469,96.0,92.7300033569336,87.80999755859375,15.159996,3.300003,14.770004,3.269997,near_minus_deferred: positive=backwardation; negative=contango,public daily closes transported by Yahoo Finance; not exchange-certified settlements,https://query1.finance.yahoo.com/v8/finance/chart/,"Continuous front symbols roll contracts; fixed Sep-Oct spreads avoid roll ambiguity but were deferred contracts in early 2026. The curve is a storage discriminator only, not a shortage-volume estimator or price forecast."
2026-05-22,96.5999984741211,89.58999633789062,86.30999755859375,81.43000030517578,103.54000091552734,96.63999938964844,93.29000091552734,88.27999877929688,15.169998,3.279999,15.260002,3.349998,near_minus_deferred: positive=backwardation; negative=contango,public daily closes transported by Yahoo Finance; not exchange-certified settlements,https://query1.finance.yahoo.com/v8/finance/chart/,"Continuous front symbols roll contracts; fixed Sep-Oct spreads avoid roll ambiguity but were deferred contracts in early 2026. The curve is a storage discriminator only, not a shortage-volume estimator or price forecast."
2026-05-26,93.88999938964844,87.1500015258789,84.25,80.01000213623047,99.58000183105469,93.69000244140625,90.9000015258789,86.5999984741211,13.879997,2.900002,12.980003,2.790001,near_minus_deferred: positive=backwardation; negative=contango,public daily closes transported by Yahoo Finance; not exchange-certified settlements,https://query1.finance.yahoo.com/v8/finance/chart/,"Continuous front symbols roll contracts; fixed Sep-Oct spreads avoid roll ambiguity but were deferred contracts in early 2026. The curve is a storage discriminator only, not a shortage-volume estimator or price forecast."
2026-05-27,88.68000030517578,83.58000183105469,81.38999938964844,78.06999969482422,94.29000091552734,90.0,87.86000061035156,84.44000244140625,10.610001,2.190002,9.849998,2.139999,near_minus_deferred: positive=backwardation; negative=contango,public daily closes transported by Yahoo Finance; not exchange-certified settlements,https://query1.finance.yahoo.com/v8/finance/chart/,"Continuous front symbols roll contracts; fixed Sep-Oct spreads avoid roll ambiguity but were deferred contracts in early 2026. The curve is a storage discriminator only, not a shortage-volume estimator or price forecast."
2026-05-28,88.9000015258789,84.72000122070312,82.76000213623047,79.58999633789062,93.70999908447266,90.81999969482422,88.95999908447266,85.80999755859375,9.310005,1.959999,7.900002,1.860001,near_minus_deferred: positive=backwardation; negative=contango,public daily closes transported by Yahoo Finance; not exchange-certified settlements,https://query1.finance.yahoo.com/v8/finance/chart/,"Continuous front symbols roll contracts; fixed Sep-Oct spreads avoid roll ambiguity but were deferred contracts in early 2026. The curve is a storage discriminator only, not a shortage-volume estimator or price forecast."
2026-05-29,87.36000061035156,83.19000244140625,81.26000213623047,78.29000091552734,92.05000305175781,89.11000061035156,87.22000122070312,84.18000030517578,9.07,1.93,7.870003,1.889999,near_minus_deferred: positive=backwardation; negative=contango,public daily closes transported by Yahoo Finance; not exchange-certified settlements,https://query1.finance.yahoo.com/v8/finance/chart/,"Continuous front symbols roll contracts; fixed Sep-Oct spreads avoid roll ambiguity but were deferred contracts in early 2026. The curve is a storage discriminator only, not a shortage-volume estimator or price forecast."
2026-06-01,92.16000366210938,86.33000183105469,83.8499984741211,80.2300033569336,94.9800033569336,92.44000244140625,90.02999877929688,86.33000183105469,11.93,2.480003,8.650002,2.410004,near_minus_deferred: positive=backwardation; negative=contango,public daily closes transported by Yahoo Finance; not exchange-certified settlements,https://query1.finance.yahoo.com/v8/finance/chart/,"Continuous front symbols roll contracts; fixed Sep-Oct spreads avoid roll ambiguity but were deferred contracts in early 2026. The curve is a storage discriminator only, not a shortage-volume estimator or price forecast."
2026-06-02,93.76000213623047,87.30999755859375,84.6500015258789,80.95999908447266,96.0,93.48999786376953,91.05000305175781,87.41000366210938,12.800003,2.659996,8.589996,2.439995,near_minus_deferred: positive=backwardation; negative=contango,public daily closes transported by Yahoo Finance; not exchange-certified settlements,https://query1.finance.yahoo.com/v8/finance/chart/,"Continuous front symbols roll contracts; fixed Sep-Oct spreads avoid roll ambiguity but were deferred contracts in early 2026. The curve is a storage discriminator only, not a shortage-volume estimator or price forecast."
2026-06-03,96.0199966430664,89.41999816894531,86.5199966430664,82.41999816894531,97.80999755859375,95.13999938964844,92.44000244140625,88.43000030517578,13.599998,2.900002,9.379997,2.699997,near_minus_deferred: positive=backwardation; negative=contango,public daily closes transported by Yahoo Finance; not exchange-certified settlements,https://query1.finance.yahoo.com/v8/finance/chart/,"Continuous front symbols roll contracts; fixed Sep-Oct spreads avoid roll ambiguity but were deferred contracts in early 2026. The curve is a storage discriminator only, not a shortage-volume estimator or price forecast."
2026-06-04,93.04000091552734,86.94000244140625,84.25,80.45999908447266,95.02999877929688,92.51000213623047,90.0199966430664,86.41999816894531,12.580002,2.690002,8.610001,2.490005,near_minus_deferred: positive=backwardation; negative=contango,public daily closes transported by Yahoo Finance; not exchange-certified settlements,https://query1.finance.yahoo.com/v8/finance/chart/,"Continuous front symbols roll contracts; fixed Sep-Oct spreads avoid roll ambiguity but were deferred contracts in early 2026. The curve is a storage discriminator only, not a shortage-volume estimator or price forecast."
2026-06-05,90.54000091552734,85.33000183105469,82.91000366210938,79.45999908447266,93.08999633789062,90.86000061035156,88.61000061035156,85.36000061035156,11.080002,2.419998,7.729996,2.25,near_minus_deferred: positive=backwardation; negative=contango,public daily closes transported by Yahoo Finance; not exchange-certified settlements,https://query1.finance.yahoo.com/v8/finance/chart/,"Continuous front symbols roll contracts; fixed Sep-Oct spreads avoid roll ambiguity but were deferred contracts in early 2026. The curve is a storage discriminator only, not a shortage-volume estimator or price forecast."
2026-06-08,91.30000305175781,86.98999786376953,84.7699966430664,81.44999694824219,94.25,92.25,90.19999694824219,87.16999816894531,9.850006,2.220001,7.080002,2.050003,near_minus_deferred: positive=backwardation; negative=contango,public daily closes transported by Yahoo Finance; not exchange-certified settlements,https://query1.finance.yahoo.com/v8/finance/chart/,"Continuous front symbols roll contracts; fixed Sep-Oct spreads avoid roll ambiguity but were deferred contracts in early 2026. The curve is a storage discriminator only, not a shortage-volume estimator or price forecast."
2026-06-09,88.19999694824219,84.73999786376953,82.91999816894531,80.05999755859375,91.44999694824219,89.9000015258789,88.2300033569336,85.6500015258789,8.139999,1.82,5.799995,1.669998,near_minus_deferred: positive=backwardation; negative=contango,public daily closes transported by Yahoo Finance; not exchange-certified settlements,https://query1.finance.yahoo.com/v8/finance/chart/,"Continuous front symbols roll contracts; fixed Sep-Oct spreads avoid roll ambiguity but were deferred contracts in early 2026. The curve is a storage discriminator only, not a shortage-volume estimator or price forecast."
2026-06-10,90.02999877929688,86.51000213623047,84.5999984741211,81.5199966430664,93.0999984741211,91.47000122070312,89.76000213623047,87.04000091552734,8.510002,1.910004,6.059998,1.709999,near_minus_deferred: positive=backwardation; negative=contango,public daily closes transported by Yahoo Finance; not exchange-certified settlements,https://query1.finance.yahoo.com/v8/finance/chart/,"Continuous front symbols roll contracts; fixed Sep-Oct spreads avoid roll ambiguity but were deferred contracts in early 2026. The curve is a storage discriminator only, not a shortage-volume estimator or price forecast."
2026-06-11,87.70999908447266,84.54000091552734,82.91999816894531,80.30999755859375,90.37999725341797,89.11000061035156,87.70999908447266,85.54000091552734,7.400002,1.620003,4.839996,1.400002,near_minus_deferred: positive=backwardation; negative=contango,public daily closes transported by Yahoo Finance; not exchange-certified settlements,https://query1.finance.yahoo.com/v8/finance/chart/,"Continuous front symbols roll contracts; fixed Sep-Oct spreads avoid roll ambiguity but were deferred contracts in early 2026. The curve is a storage discriminator only, not a shortage-volume estimator or price forecast."
2026-06-12,84.87999725341797,81.70999908447266,80.05000305175781,77.41000366210938,87.33000183105469,86.12000274658203,84.77999877929688,82.58000183105469,7.469994,1.659996,4.75,1.340004,near_minus_deferred: positive=backwardation; negative=contango,public daily closes transported by Yahoo Finance; not exchange-certified settlements,https://query1.finance.yahoo.com/v8/finance/chart/,"Continuous front symbols roll contracts; fixed Sep-Oct spreads avoid roll ambiguity but were deferred contracts in early 2026. The curve is a storage discriminator only, not a shortage-volume estimator or price forecast."
2026-06-15,80.75,78.16999816894531,76.83999633789062,74.72000122070312,83.16999816894531,82.23999786376953,81.23999786376953,79.56999969482422,6.029999,1.330002,3.599998,1.0,near_minus_deferred: positive=backwardation; negative=contango,public daily closes transported by Yahoo Finance; not exchange-certified settlements,https://query1.finance.yahoo.com/v8/finance/chart/,"Continuous front symbols roll contracts; fixed Sep-Oct spreads avoid roll ambiguity but were deferred contracts in early 2026. The curve is a storage discriminator only, not a shortage-volume estimator or price forecast."
2026-06-16,76.05000305175781,74.58999633789062,73.83999633789062,72.5,78.95999908447266,78.66999816894531,78.12999725341797,77.12999725341797,3.550003,0.75,1.830002,0.540001,near_minus_deferred: positive=backwardation; negative=contango,public daily closes transported by Yahoo Finance; not exchange-certified settlements,https://query1.finance.yahoo.com/v8/finance/chart/,"Continuous front symbols roll contracts; fixed Sep-Oct spreads avoid roll ambiguity but were deferred contracts in early 2026. The curve is a storage discriminator only, not a shortage-volume estimator or price forecast."
2026-06-17,76.79000091552734,75.16000366210938,74.20999908447266,72.56999969482422,79.55000305175781,79.2300033569336,78.55000305175781,77.29000091552734,4.220001,0.950005,2.260002,0.68,near_minus_deferred: positive=backwardation; negative=contango,public daily closes transported by Yahoo Finance; not exchange-certified settlements,https://query1.finance.yahoo.com/v8/finance/chart/,"Continuous front symbols roll contracts; fixed Sep-Oct spreads avoid roll ambiguity but were deferred contracts in early 2026. The curve is a storage discriminator only, not a shortage-volume estimator or price forecast."
2026-06-18,76.5999984741211,75.11000061035156,74.16999816894531,72.48999786376953,79.8499984741211,79.51000213623047,78.81999969482422,77.44000244140625,4.110001,0.940002,2.409996,0.690002,near_minus_deferred: positive=backwardation; negative=contango,public daily closes transported by Yahoo Finance; not exchange-certified settlements,https://query1.finance.yahoo.com/v8/finance/chart/,"Continuous front symbols roll contracts; fixed Sep-Oct spreads avoid roll ambiguity but were deferred contracts in early 2026. The curve is a storage discriminator only, not a shortage-volume estimator or price forecast."
2026-06-22,74.81999969482422,73.02999877929688,72.27999877929688,70.98999786376953,77.9000015258789,77.5199966430664,76.97000122070312,75.87000274658203,3.830002,0.75,2.029999,0.549995,near_minus_deferred: positive=backwardation; negative=contango,public daily closes transported by Yahoo Finance; not exchange-certified settlements,https://query1.finance.yahoo.com/v8/finance/chart/,"Continuous front symbols roll contracts; fixed Sep-Oct spreads avoid roll ambiguity but were deferred contracts in early 2026. The curve is a storage discriminator only, not a shortage-volume estimator or price forecast."
2026-06-23,73.20999908447266,72.54000091552734,71.88999938964844,70.7300033569336,77.08000183105469,76.80000305175781,76.38999938964844,75.4800033569336,2.479996,0.650002,1.599998,0.410004,near_minus_deferred: positive=backwardation; negative=contango,public daily closes transported by Yahoo Finance; not exchange-certified settlements,https://query1.finance.yahoo.com/v8/finance/chart/,"Continuous front symbols roll contracts; fixed Sep-Oct spreads avoid roll ambiguity but were deferred contracts in early 2026. The curve is a storage discriminator only, not a shortage-volume estimator or price forecast."
2026-06-24,70.33999633789062,69.93000030517578,69.44000244140625,68.51000213623047,73.73999786376953,73.87000274658203,73.66000366210938,73.05999755859375,1.829994,0.489998,0.68,0.209999,near_minus_deferred: positive=backwardation; negative=contango,public daily closes transported by Yahoo Finance; not exchange-certified settlements,https://query1.finance.yahoo.com/v8/finance/chart/,"Continuous front symbols roll contracts; fixed Sep-Oct spreads avoid roll ambiguity but were deferred contracts in early 2026. The curve is a storage discriminator only, not a shortage-volume estimator or price forecast."
2026-06-25,71.91999816894531,71.5199966430664,71.02999877929688,69.98999786376953,75.26000213623047,75.5,75.2699966430664,74.48999786376953,1.93,0.489998,0.770004,0.230003,near_minus_deferred: positive=backwardation; negative=contango,public daily closes transported by Yahoo Finance; not exchange-certified settlements,https://query1.finance.yahoo.com/v8/finance/chart/,"Continuous front symbols roll contracts; fixed Sep-Oct spreads avoid roll ambiguity but were deferred contracts in early 2026. The curve is a storage discriminator only, not a shortage-volume estimator or price forecast."
2026-06-26,69.2300033569336,68.93000030517578,68.5999984741211,67.9000015258789,71.98999786376953,72.5999984741211,72.54000091552734,72.12000274658203,1.330002,0.330002,-0.130005,0.059998,near_minus_deferred: positive=backwardation; negative=contango,public daily closes transported by Yahoo Finance; not exchange-certified settlements,https://query1.finance.yahoo.com/v8/finance/chart/,"Continuous front symbols roll contracts; fixed Sep-Oct spreads avoid roll ambiguity but were deferred contracts in early 2026. The curve is a storage discriminator only, not a shortage-volume estimator or price forecast."
2026-06-29,70.75,70.41000366210938,69.98999786376953,69.12999725341797,73.1500015258789,73.91000366210938,73.81999969482422,73.31999969482422,1.620003,0.420006,-0.169998,0.090004,near_minus_deferred: positive=backwardation; negative=contango,public daily closes transported by Yahoo Finance; not exchange-certified settlements,https://query1.finance.yahoo.com/v8/finance/chart/,"Continuous front symbols roll contracts; fixed Sep-Oct spreads avoid roll ambiguity but were deferred contracts in early 2026. The curve is a storage discriminator only, not a shortage-volume estimator or price forecast."
2026-06-30,69.5,69.2699966430664,68.9800033569336,68.3499984741211,72.91999816894531,72.94999694824219,73.02999877929688,72.73999786376953,1.150002,0.289993,0.18,-0.080002,near_minus_deferred: positive=backwardation; negative=contango,public daily closes transported by Yahoo Finance; not exchange-certified settlements,https://query1.finance.yahoo.com/v8/finance/chart/,"Continuous front symbols roll contracts; fixed Sep-Oct spreads avoid roll ambiguity but were deferred contracts in early 2026. The curve is a storage discriminator only, not a shortage-volume estimator or price forecast."
2026-07-01,68.58000183105469,68.51000213623047,68.4000015258789,68.12999725341797,71.56999969482422,71.56999969482422,72.0,72.16000366210938,0.450005,0.110001,-0.590004,-0.43,near_minus_deferred: positive=backwardation; negative=contango,public daily closes transported by Yahoo Finance; not exchange-certified settlements,https://query1.finance.yahoo.com/v8/finance/chart/,"Continuous front symbols roll contracts; fixed Sep-Oct spreads avoid roll ambiguity but were deferred contracts in early 2026. The curve is a storage discriminator only, not a shortage-volume estimator or price forecast."
2026-07-02,68.69000244140625,68.6500015258789,68.55999755859375,68.33999633789062,71.80000305175781,71.80000305175781,72.16999816894531,72.36000061035156,0.350006,0.090004,-0.559998,-0.369995,near_minus_deferred: positive=backwardation; negative=contango,public daily closes transported by Yahoo Finance; not exchange-certified settlements,https://query1.finance.yahoo.com/v8/finance/chart/,"Continuous front symbols roll contracts; fixed Sep-Oct spreads avoid roll ambiguity but were deferred contracts in early 2026. The curve is a storage discriminator only, not a shortage-volume estimator or price forecast."
2026-07-06,68.55000305175781,68.55999755859375,68.52999877929688,68.43000030517578,71.98999786376953,71.98999786376953,72.23999786376953,72.4800033569336,0.120003,0.029999,-0.490005,-0.25,near_minus_deferred: positive=backwardation; negative=contango,public daily closes transported by Yahoo Finance; not exchange-certified settlements,https://query1.finance.yahoo.com/v8/finance/chart/,"Continuous front symbols roll contracts; fixed Sep-Oct spreads avoid roll ambiguity but were deferred contracts in early 2026. The curve is a storage discriminator only, not a shortage-volume estimator or price forecast."
2026-07-07,70.44000244140625,70.33999633789062,70.12999725341797,69.7300033569336,74.16000366210938,74.16000366210938,74.12000274658203,73.91999816894531,0.709999,0.209999,0.240005,0.040001,near_minus_deferred: positive=backwardation; negative=contango,public daily closes transported by Yahoo Finance; not exchange-certified settlements,https://query1.finance.yahoo.com/v8/finance/chart/,"Continuous front symbols roll contracts; fixed Sep-Oct spreads avoid roll ambiguity but were deferred contracts in early 2026. The curve is a storage discriminator only, not a shortage-volume estimator or price forecast."
2026-07-08,73.5199966430664,73.2699966430664,72.76000213623047,71.72000122070312,78.0199966430664,78.0199966430664,77.56999969482422,76.5999984741211,1.799995,0.509995,1.419998,0.449997,near_minus_deferred: positive=backwardation; negative=contango,public daily closes transported by Yahoo Finance; not exchange-certified settlements,https://query1.finance.yahoo.com/v8/finance/chart/,"Continuous front symbols roll contracts; fixed Sep-Oct spreads avoid roll ambiguity but were deferred contracts in early 2026. The curve is a storage discriminator only, not a shortage-volume estimator or price forecast."
2026-07-09,72.08000183105469,71.9000015258789,71.55999755859375,70.79000091552734,76.30000305175781,76.30000305175781,76.19999694824219,75.55000305175781,1.290001,0.340004,0.75,0.100006,near_minus_deferred: positive=backwardation; negative=contango,public daily closes transported by Yahoo Finance; not exchange-certified settlements,https://query1.finance.yahoo.com/v8/finance/chart/,"Continuous front symbols roll contracts; fixed Sep-Oct spreads avoid roll ambiguity but were deferred contracts in early 2026. The curve is a storage discriminator only, not a shortage-volume estimator or price forecast."
2026-07-10,71.41000366210938,71.33999633789062,71.1500015258789,70.62000274658203,76.01000213623047,76.01000213623047,76.02999877929688,75.5,0.790001,0.189995,0.510002,-0.019997,near_minus_deferred: positive=backwardation; negative=contango,public daily closes transported by Yahoo Finance; not exchange-certified settlements,https://query1.finance.yahoo.com/v8/finance/chart/,"Continuous front symbols roll contracts; fixed Sep-Oct spreads avoid roll ambiguity but were deferred contracts in early 2026. The curve is a storage discriminator only, not a shortage-volume estimator or price forecast."
2026-07-13,78.13999938964844,77.94000244140625,77.25,75.61000061035156,83.30000305175781,83.30000305175781,82.70999908447266,81.0,2.529999,0.690002,2.300003,0.590004,near_minus_deferred: positive=backwardation; negative=contango,public daily closes transported by Yahoo Finance; not exchange-certified settlements,https://query1.finance.yahoo.com/v8/finance/chart/,"Continuous front symbols roll contracts; fixed Sep-Oct spreads avoid roll ambiguity but were deferred contracts in early 2026. The curve is a storage discriminator only, not a shortage-volume estimator or price forecast."
2026-07-14,79.33999633789062,78.68000030517578,77.5199966430664,75.33999633789062,84.7300033569336,84.7300033569336,83.31999969482422,80.94999694824219,4.0,1.160004,3.780006,1.410004,near_minus_deferred: positive=backwardation; negative=contango,public daily closes transported by Yahoo Finance; not exchange-certified settlements,https://query1.finance.yahoo.com/v8/finance/chart/,"Continuous front symbols roll contracts; fixed Sep-Oct spreads avoid roll ambiguity but were deferred contracts in early 2026. The curve is a storage discriminator only, not a shortage-volume estimator or price forecast."
2026-07-15,79.5999984741211,79.12000274658203,78.08000183105469,75.87999725341797,84.94999694824219,84.94999694824219,83.47000122070312,81.05999755859375,3.720001,1.040001,3.889999,1.479996,near_minus_deferred: positive=backwardation; negative=contango,public daily closes transported by Yahoo Finance; not exchange-certified settlements,https://query1.finance.yahoo.com/v8/finance/chart/,"Continuous front symbols roll contracts; fixed Sep-Oct spreads avoid roll ambiguity but were deferred contracts in early 2026. The curve is a storage discriminator only, not a shortage-volume estimator or price forecast."
2026-07-16,78.94999694824219,78.27999877929688,77.33999633789062,75.43000030517578,84.2300033569336,84.2300033569336,82.95999908447266,80.7699966430664,3.519997,0.940002,3.460007,1.270004,near_minus_deferred: positive=backwardation; negative=contango,public daily closes transported by Yahoo Finance; not exchange-certified settlements,https://query1.finance.yahoo.com/v8/finance/chart/,"Continuous front symbols roll contracts; fixed Sep-Oct spreads avoid roll ambiguity but were deferred contracts in early 2026. The curve is a storage discriminator only, not a shortage-volume estimator or price forecast."
2026-07-17,82.48999786376953,81.77999877929688,80.33999633789062,77.6500015258789,88.0999984741211,88.0999984741211,86.31999969482422,83.16999816894531,4.839996,1.440002,4.93,1.779999,near_minus_deferred: positive=backwardation; negative=contango,public daily closes transported by Yahoo Finance; not exchange-certified settlements,https://query1.finance.yahoo.com/v8/finance/chart/,"Continuous front symbols roll contracts; fixed Sep-Oct spreads avoid roll ambiguity but were deferred contracts in early 2026. The curve is a storage discriminator only, not a shortage-volume estimator or price forecast."
2026-07-20,83.2300033569336,82.4800033569336,80.9000015258789,77.83000183105469,89.22000122070312,89.22000122070312,87.13999938964844,83.44000244140625,5.400002,1.580002,5.779999,2.080002,near_minus_deferred: positive=backwardation; negative=contango,public daily closes transported by Yahoo Finance; not exchange-certified settlements,https://query1.finance.yahoo.com/v8/finance/chart/,"Continuous front symbols roll contracts; fixed Sep-Oct spreads avoid roll ambiguity but were deferred contracts in early 2026. The curve is a storage discriminator only, not a shortage-volume estimator or price forecast."
2026-07-21,84.91000366210938,84.33999633789062,82.11000061035156,78.23999786376953,91.01000213623047,91.01000213623047,88.5199966430664,84.05999755859375,6.670006,2.229996,6.950005,2.490005,near_minus_deferred: positive=backwardation; negative=contango,public daily closes transported by Yahoo Finance; not exchange-certified settlements,https://query1.finance.yahoo.com/v8/finance/chart/,"Continuous front symbols roll contracts; fixed Sep-Oct spreads avoid roll ambiguity but were deferred contracts in early 2026. The curve is a storage discriminator only, not a shortage-volume estimator or price forecast."
2026-07-22,86.83000183105469,86.83000183105469,83.63999938964844,78.63999938964844,94.06999969482422,94.06999969482422,90.18000030517578,84.86000061035156,8.190002,3.190002,9.209999,3.889999,near_minus_deferred: positive=backwardation; negative=contango,public daily closes transported by Yahoo Finance; not exchange-certified settlements,https://query1.finance.yahoo.com/v8/finance/chart/,"Continuous front symbols roll contracts; fixed Sep-Oct spreads avoid roll ambiguity but were deferred contracts in early 2026. The curve is a storage discriminator only, not a shortage-volume estimator or price forecast."
2026-07-23,92.19000244140625,92.19000244140625,87.01000213623047,80.0999984741211,100.69000244140625,100.69000244140625,94.26000213623047,86.97000122070312,12.090004,5.18,13.720001,6.43,near_minus_deferred: positive=backwardation; negative=contango,public daily closes transported by Yahoo Finance; not exchange-certified settlements,https://query1.finance.yahoo.com/v8/finance/chart/,"Continuous front symbols roll contracts; fixed Sep-Oct spreads avoid roll ambiguity but were deferred contracts in early 2026. The curve is a storage discriminator only, not a shortage-volume estimator or price forecast."
2026-07-24,89.30999755859375,89.30999755859375,85.1500015258789,79.33000183105469,96.77999877929688,96.77999877929688,91.68000030517578,85.5199966430664,9.979996,4.159996,11.260002,5.099998,near_minus_deferred: positive=backwardation; negative=contango,public daily closes transported by Yahoo Finance; not exchange-certified settlements,https://query1.finance.yahoo.com/v8/finance/chart/,"Continuous front symbols roll contracts; fixed Sep-Oct spreads avoid roll ambiguity but were deferred contracts in early 2026. The curve is a storage discriminator only, not a shortage-volume estimator or price forecast."
2026-07-27,82.61000061035156,82.61000061035156,80.25,76.52999877929688,88.36000061035156,88.36000061035156,85.87000274658203,81.98999786376953,6.080002,2.360001,6.370003,2.489998,near_minus_deferred: positive=backwardation; negative=contango,public daily closes transported by Yahoo Finance; not exchange-certified settlements,https://query1.finance.yahoo.com/v8/finance/chart/,"Continuous front symbols roll contracts; fixed Sep-Oct spreads avoid roll ambiguity but were deferred contracts in early 2026. The curve is a storage discriminator only, not a shortage-volume estimator or price forecast."
2026-07-28,79.26000213623047,79.26000213623047,77.16999816894531,73.8499984741211,84.08999633789062,84.08999633789062,82.08000183105469,78.75,5.410004,2.090004,5.339996,2.009995,near_minus_deferred: positive=backwardation; negative=contango,public daily closes transported by Yahoo Finance; not exchange-certified settlements,https://query1.finance.yahoo.com/v8/finance/chart/,"Continuous front symbols roll contracts; fixed Sep-Oct spreads avoid roll ambiguity but were deferred contracts in early 2026. The curve is a storage discriminator only, not a shortage-volume estimator or price forecast."
2026-07-29,84.45999908447266,84.45999908447266,82.04000091552734,77.73999786376953,90.73999786376953,90.73999786376953,88.08999633789062,83.44000244140625,6.720001,2.419998,7.299995,2.650002,near_minus_deferred: positive=backwardation; negative=contango,public daily closes transported by Yahoo Finance; not exchange-certified settlements,https://query1.finance.yahoo.com/v8/finance/chart/,"Continuous front symbols roll contracts; fixed Sep-Oct spreads avoid roll ambiguity but were deferred contracts in early 2026. The curve is a storage discriminator only, not a shortage-volume estimator or price forecast."
2026-07-30,83.58999633789062,83.58999633789062,80.80000305175781,76.12000274658203,89.02999877929688,89.02999877929688,86.87999725341797,81.7300033569336,7.469994,2.789993,7.299995,2.150002,near_minus_deferred: positive=backwardation; negative=contango,public daily closes transported by Yahoo Finance; not exchange-certified settlements,https://query1.finance.yahoo.com/v8/finance/chart/,"Continuous front symbols roll contracts; fixed Sep-Oct spreads avoid roll ambiguity but were deferred contracts in early 2026. The curve is a storage discriminator only, not a shortage-volume estimator or price forecast."
2026-07-31,84.66999816894531,84.66999816894531,81.48999786376953,76.44000244140625,90.12000274658203,90.12000274658203,87.93000030517578,82.2300033569336,8.229996,3.18,7.889999,2.190002,near_minus_deferred: positive=backwardation; negative=contango,public daily closes transported by Yahoo Finance; not exchange-certified settlements,https://query1.finance.yahoo.com/v8/finance/chart/,"Continuous front symbols roll contracts; fixed Sep-Oct spreads avoid roll ambiguity but were deferred contracts in early 2026. The curve is a storage discriminator only, not a shortage-volume estimator or price forecast."
2026-08-03,80.33999633789062,80.33999633789062,77.9000015258789,73.94000244140625,83.7699966430664,,83.7699966430664,79.22000122070312,6.399994,2.439995,4.549995,,near_minus_deferred: positive=backwardation; negative=contango,public daily closes transported by Yahoo Finance; not exchange-certified settlements,https://query1.finance.yahoo.com/v8/finance/chart/,"Continuous front symbols roll contracts; fixed Sep-Oct spreads avoid roll ambiguity but were deferred contracts in early 2026. The curve is a storage discriminator only, not a shortage-volume estimator or price forecast."
2026-08-04,75.7699966430664,75.7699966430664,74.4000015258789,72.02999877929688,79.36000061035156,,79.36000061035156,76.80999755859375,3.739998,1.369995,2.550003,,near_minus_deferred: positive=backwardation; negative=contango,public daily closes transported by Yahoo Finance; not exchange-certified settlements,https://query1.finance.yahoo.com/v8/finance/chart/,"Continuous front symbols roll contracts; fixed Sep-Oct spreads avoid roll ambiguity but were deferred contracts in early 2026. The curve is a storage discriminator only, not a shortage-volume estimator or price forecast."
2026-08-05,75.22000122070312,75.22000122070312,74.05000305175781,71.87000274658203,79.44999694824219,,79.44999694824219,76.62000274658203,3.349998,1.169998,2.829994,,near_minus_deferred: positive=backwardation; negative=contango,public daily closes transported by Yahoo Finance; not exchange-certified settlements,https://query1.finance.yahoo.com/v8/finance/chart/,"Continuous front symbols roll contracts; fixed Sep-Oct spreads avoid roll ambiguity but were deferred contracts in early 2026. The curve is a storage discriminator only, not a shortage-volume estimator or price forecast."
2026-08-06,77.29000091552734,77.29000091552734,76.16000366210938,73.5999984741211,82.48999786376953,,82.48999786376953,78.79000091552734,3.690002,1.129997,3.699997,,near_minus_deferred: positive=backwardation; negative=contango,public daily closes transported by Yahoo Finance; not exchange-certified settlements,https://query1.finance.yahoo.com/v8/finance/chart/,"Continuous front symbols roll contracts; fixed Sep-Oct spreads avoid roll ambiguity but were deferred contracts in early 2026. The curve is a storage discriminator only, not a shortage-volume estimator or price forecast."
2026-08-07,78.18000030517578,78.18000030517578,77.1500015258789,74.63999938964844,83.55000305175781,,83.55000305175781,79.98999786376953,3.540001,1.029999,3.560005,,near_minus_deferred: positive=backwardation; negative=contango,public daily closes transported by Yahoo Finance; not exchange-certified settlements,https://query1.finance.yahoo.com/v8/finance/chart/,"Continuous front symbols roll contracts; fixed Sep-Oct spreads avoid roll ambiguity but were deferred contracts in early 2026. The curve is a storage discriminator only, not a shortage-volume estimator or price forecast."
2026-08-10,82.12999725341797,82.12999725341797,81.16000366210938,78.48999786376953,87.72000122070312,,87.72000122070312,84.08000183105469,3.639999,0.969994,3.639999,,near_minus_deferred: positive=backwardation; negative=contango,public daily closes transported by Yahoo Finance; not exchange-certified settlements,https://query1.finance.yahoo.com/v8/finance/chart/,"Continuous front symbols roll contracts; fixed Sep-Oct spreads avoid roll ambiguity but were deferred contracts in early 2026. The curve is a storage discriminator only, not a shortage-volume estimator or price forecast."
2026-08-11,83.19999694824219,83.19999694824219,81.94999694824219,78.58000183105469,88.91000366210938,,88.91000366210938,84.44999694824219,4.619995,1.25,4.460007,,near_minus_deferred: positive=backwardation; negative=contango,public daily closes transported by Yahoo Finance; not exchange-certified settlements,https://query1.finance.yahoo.com/v8/finance/chart/,"Continuous front symbols roll contracts; fixed Sep-Oct spreads avoid roll ambiguity but were deferred contracts in early 2026. The curve is a storage discriminator only, not a shortage-volume estimator or price forecast."
2026-08-12,83.2699966430664,83.2699966430664,82.16999816894531,78.79000091552734,88.9800033569336,,88.9800033569336,84.68000030517578,4.479996,1.099998,4.300003,,near_minus_deferred: positive=backwardation; negative=contango,public daily closes transported by Yahoo Finance; not exchange-certified settlements,https://query1.finance.yahoo.com/v8/finance/chart/,"Continuous front symbols roll contracts; fixed Sep-Oct spreads avoid roll ambiguity but were deferred contracts in early 2026. The curve is a storage discriminator only, not a shortage-volume estimator or price forecast."
2026-08-13,81.25,81.25,80.44000244140625,77.5999984741211,87.06999969482422,,87.06999969482422,83.33000183105469,3.650002,0.809998,3.739998,,near_minus_deferred: positive=backwardation; negative=contango,public daily closes transported by Yahoo Finance; not exchange-certified settlements,https://query1.finance.yahoo.com/v8/finance/chart/,"Continuous front symbols roll contracts; fixed Sep-Oct spreads avoid roll ambiguity but were deferred contracts in early 2026. The curve is a storage discriminator only, not a shortage-volume estimator or price forecast."
2026-08-14,82.4000015258789,82.4000015258789,81.47000122070312,78.48999786376953,88.5199966430664,,88.5199966430664,84.38999938964844,3.910004,0.93,4.129997,,near_minus_deferred: positive=backwardation; negative=contango,public daily closes transported by Yahoo Finance; not exchange-certified settlements,https://query1.finance.yahoo.com/v8/finance/chart/,"Continuous front symbols roll contracts; fixed Sep-Oct spreads avoid roll ambiguity but were deferred contracts in early 2026. The curve is a storage discriminator only, not a shortage-volume estimator or price forecast."
2026-08-17,84.5,84.5,83.73999786376953,80.83000183105469,90.87000274658203,,90.87000274658203,86.87000274658203,3.669998,0.760002,4.0,,near_minus_deferred: positive=backwardation; negative=contango,public daily closes transported by Yahoo Finance; not exchange-certified settlements,https://query1.finance.yahoo.com/v8/finance/chart/,"Continuous front symbols roll contracts; fixed Sep-Oct spreads avoid roll ambiguity but were deferred contracts in early 2026. The curve is a storage discriminator only, not a shortage-volume estimator or price forecast."
