dataset_id,title,provider,url,access_type,frequency,geography,unit,coverage_start,coverage_end,license_or_terms,local_path,refresh_rule,confidence,notes
eia_world_oil_chokepoints,World Oil Transit Chokepoints,EIA,https://www.eia.gov/international/analysis/special-topics/world_oil_transit_Chokepoints,public,periodic,global chokepoints,b/d and shares,varies,current,public web,,refresh when EIA updates chokepoint page,high,Primary baseline for oil flows and bypass capacity.
eia_hormuz_2025_tie,Amid regional conflict the Strait of Hormuz remains critical oil chokepoint,EIA,https://www.eia.gov/todayinenergy/detail.php?id=65504,public,article/figure data,Hormuz,b/d and shares,2024,2025Q1,public web,,static unless corrected,high,Useful public figures sourced to EIA analysis based on Vortexa.
iea_middle_east_markets,Middle East and Global Energy Markets,IEA,https://www.iea.org/topics/the-middle-east-and-global-energy-markets,public,topic page,Hormuz/global,b/d bcm tonnes,2025,current,public web,,check monthly during crisis,high,Best public current synthesis for oil LNG products and non-energy commodities.
csis_hormuz_8_charts,The Strait of Hormuz in 8 Charts,CSIS AMTI,https://www.csis.org/analysis/strait-hormuz-8-charts,public/article,article/AIS graphics,Hormuz,vessels and transits,2026-03,2026-04,public web,,static,medium,Useful AIS caveats and failed reopening episode; underlying Starboard data likely licensed.
brookings_chokepoint_crisis,From chokepoint to crisis,Brookings,https://www.brookings.edu/articles/from-chokepoint-to-crisis-the-strait-of-hormuz-and-global-oil-markets/,public/article,article,Hormuz/global,b/d prices reserves,2026-02,2026-06,public web,,static,medium,Analytical synthesis; verify key numbers against IEA/EIA/primary sources.
imf_portwatch,PortWatch data and methodology,IMF,https://portwatch.imf.org/pages/data-and-methodology,public/API,weekly,global ports,calls and tonnes,varies,current,public web/API,data/external/portwatch/,weekly Tuesday,high,Open port calls/shipment estimates; not a direct strait transit counter.
imf_portwatch_hormuz_daily,Daily Strait of Hormuz chokepoint transit calls,IMF PortWatch,https://services9.arcgis.com/weJ1QsnbMYJlCHdG/arcgis/rest/services/Daily_Chokepoints_Data/FeatureServer/0/query,public/API,weekly,Strait of Hormuz chokepoint,daily vessel calls and estimated metric-ton capacity,2019-01-01,current,public web/API,data/external/portwatch/hormuz_daily_chokepoint.csv,refresh weekly or before charting,high,"Primary public benchmark for hormuz-2y7 daily transit validation; counts by vessel class, not cargo volumes."
hormuz_2y7_public_daily_tracker,Public daily Strait of Hormuz traffic tracker,Project derived from IMF PortWatch,issues/done/hormuz-2y7.7-produce-tracker-dataset-and-publication-chart.md,public/derived,weekly,Strait of Hormuz chokepoint,daily calls and percent of 2019-2024 baseline,2019-01-01,2026-08-16,project/public,data/derived/hormuz_2y7_public_daily_tracker.csv,regenerate after PortWatch refresh,high_for_calls_low_for_cargo,"Public-only blog tracker; known daily broad-class calls, unknown vessel identity direction AIS-dark movements and cargo onboard. The August pull materially revised most historical rows and the baseline."
hormuz_2y7_public_daily_tracker_figure,Public daily Strait of Hormuz traffic tracker figure,Project derived from IMF PortWatch,issues/done/hormuz-2y7.7-produce-tracker-dataset-and-publication-chart.md,public/derived,static figure,Strait of Hormuz chokepoint,daily calls 7-day average,2019-01-01,2026-08-16,project/public,figures/fig-2y7-public-hormuz-daily-transits.svg,regenerate after PortWatch refresh,medium,"SVG chart plus machine-readable figure data at figures/fig-2y7-public-hormuz-daily-transits.csv."
un_ais_task_team,AIS Task Team,UN Statistics Division,https://unstats.un.org/bigdata/task-teams/ais/index.cshtml,public/methodology,reference,global AIS,methodology,2020,current,public web,,static,high,Methodological support for AIS limits and official-statistics handling.
eia_petroleum_spot,Spot Prices for Crude Oil and Petroleum Products,EIA,https://www.eia.gov/dnav/pet/pet_pri_spt_s1_d.htm,public,daily/weekly/monthly,global/US,$ per bbl or $ per gal,varies,current,public web/API,data/raw/eia/,weekly or as needed,high,Public spot price backbone for crude and petroleum products.
fred_brent_wti,Brent and WTI crude oil spot prices,FRED/EIA,"https://fred.stlouisfed.org/graph/?id=DCOILWTICO,DCOILBRENTEU",public,daily,global/US,$ per bbl,1986,current,FRED terms,data/raw/fred/,daily/weekly,high,Convenient reproducible access for Brent and WTI.
worldbank_pinksheet,Commodity Markets Pink Sheet,World Bank,https://www.worldbank.org/en/research/commodity-markets,public,monthly,global,$ per unit,varies,current,public web/XLS,data/raw/worldbank/,monthly,high,Fertilizer metals LNG and broad commodity checks.
hormuz_kmz_3_preliminary_disruption_scenarios,Preliminary Hormuz product disruption scenarios,Project synthesis,issues/done/hormuz-kmz.3-estimate-supply-removed-delayed-or-rerouted.md,public/static,Hormuz disruption scenario,Hormuz and global,mb/d and bcm/d,2024,2026-07-06,project notes,data/derived/hormuz_kmz_3_preliminary_disruption_scenarios.csv,refresh after hormuz-2y7 tracker and kmz.1/kmz.2 updates,medium,"Modeled low/base/high estimates from EIA and IEA public anchors; not observed cargo-level truth."
hormuz_kmz_3_country_product_disruption_estimates,Country-product Hormuz disruption estimates,Project synthesis,issues/done/hormuz-kmz.3-estimate-supply-removed-delayed-or-rerouted.md,public/static,Hormuz disruption scenario,Hormuz country/product flows,mixed,2024,2026-07-06,project notes,data/derived/hormuz_kmz_3_country_product_disruption_estimates.csv,refresh after licensed cargo-flow data or PortWatch update,medium,"Modeled low/base/high country-product estimates using kmz.1 baselines, kmz.2 bypass constraints, and validated 2y7.5 PortWatch severity. Not additive across rows."
hormuz_kmz_7_product_disruption_master_table_prelim,Preliminary product disruption master table,Project synthesis,issues/done/hormuz-kmz.7-produce-product-disruption-master-table.md,public/static,Hormuz disruption scenario,Hormuz and global,mixed,2024,2026-07-06,project notes,data/derived/hormuz_kmz_7_product_disruption_master_table_prelim.csv,refresh after kmz.1/kmz.4/kmz.6 complete,medium,"Blog-table scaffold with pending rows for non-obvious products."
hormuz_4j7_metric_collection_template,Hormuz historical shock metric collection template,Project synthesis,issues/blocked/hormuz-4j7.3-collect-historical-supply-price-inventory-and-demand-data.md,project/template,static,Hormuz and historical analogues,mixed,TBD,TBD,project notes,data/derived/hormuz_4j7_metric_collection_template.csv,replace with real metric panel after 4j7.3 unblocks,low,"Template only; every row is marked TEMPLATE_NOT_DATA and is not evidence for publication."
hormuz_2y7_validation_summary,Validation summary for public Hormuz transit tracker,Project synthesis,issues/done/hormuz-2y7.5-validate-transit-counts-against-external-benchmarks.md,public/static,validation,Hormuz,counts and percent differences,2019-01-01,2026-06-28,project notes,data/derived/hormuz_2y7_validation_summary.csv,refresh after PortWatch data refresh or new external snapshots,medium,"Summarizes agreement and disagreement between IMF PortWatch-derived tracker and external benchmarks."
eia_wpsr_stocks,Weekly Petroleum Status Report stocks,EIA,https://www.eia.gov/petroleum/supply/weekly/,public,weekly,US,thousand barrels,1982,current,public web/API,,Weekly release Wednesday 10:30 ET; stocks include crude and petroleum products and are reconciled later in PSM/PSA,high,U.S. live weekly crude and product inventory backbone.
eia_petroleum_supply_monthly,Petroleum Supply Monthly stocks,EIA,https://www.eia.gov/petroleum/supply/monthly/,public,monthly,US,thousand barrels and barrels per day,varies,current,public web/API,,Final monthly inventory series; use for historical reconciliation and revisions,high,Best final monthly petroleum stock backbone.
eia_spr_crude_weekly,Weekly U.S. SPR crude stocks,EIA,https://www.eia.gov/dnav/pet/hist/LeafHandler.ashx?f=W&n=PET&s=WCSSTUS1,public,weekly,US,thousand barrels,1982,current,public web,,Direct weekly SPR level series back to 1982,high,Core U.S. SPR level series.
eia_wngsr,Weekly Natural Gas Storage Report,EIA,https://www.eia.gov/naturalgas/storage/,public,weekly,US lower 48,bcf,1994,current,public web/API,,Thursday 10:30 ET; survey based; about 95 percent coverage of working storage capacity,high,Core U.S. gas storage series.
iea_monthly_oil_statistics,Monthly Oil Statistics,IEA,https://www.iea.org/data-and-statistics/data-product/monthly-oil-statistics,public,monthly,OECD member countries,thousand barrels,varies,current,free web download,,Monthly OECD stocks and balances; free product,high,Primary public OECD stock series.
iea_oil_stocks_iea_countries,Oil Stocks of IEA Countries,IEA,https://www.iea.org/data-and-statistics/data-tools/oil-stocks-of-iea-countries,public,monthly,IEA member countries,days of net imports,varies,current,public web,,Updated each month with the Oil Market Report; reserve adequacy indicator,high,Best public reserve adequacy indicator.
iea_mods_stocks,Monthly Oil Data Service stocks,IEA,https://www.iea.org/data-and-statistics/data-product/monthly-oil-data-service-mods-supply-demand-balances-and-stocks,licensed,monthly,OECD countries and regions,thousand barrels,1988,current,licensed/IP access,,Comprehensive industry and government controlled stocks; not public without access,high,Use when licensed access is available.
jodi_oil_world_database,JODI Oil World Database stocks,JODI,https://www.jodidata.org/oil/,public,monthly,90 plus economies,barrels metric tons litres,2002,current,public web,,Monthly M-1 updates; stock levels vary by country; China stock levels are not available,high,Best cross-country public oil stock and stock-change source.
jodi_gas_world_database,JODI Gas World Database stocks,JODI,https://www.jodidata.org/gas/database/overview.aspx,public,monthly,80 plus economies,million m3 TJ and 1000 tons LNG,2009,current,public web,,Monthly M-1 updates around the 20th; includes closing stocks and LNG trade; gas stocks exclude cushion gas and line pack,high,Best cross-country public gas stock source.
gie_agsi_alsi,GIE AGSI and ALSI transparency platforms,GIE,https://www.gie.eu/press/gie-eus-partner-for-gas-market-transparency/,public,daily,Europe and EU27 storage and LNG terminals,m3 and fill level,2007,current,public web/API,,Daily previous-gas-day storage and LNG reporting; API is free after registration,high,Best public Europe gas storage and LNG inventory source.
cea_daily_coal_report,Daily Coal Report,Central Electricity Authority,https://cea.nic.in/fuel-management-division/?lang=en,public,daily,India,tonnes and days of cover,varies,current,public web,,Daily monitoring of coal supply and thermal power plant stock reporting,medium,Best public coal stockpile source I found.
usda_fertilizer_inventory,Fertilizer Production Inventory and Disappearance,USDA AMS,https://agtransport.usda.gov/Fertilizer/Fertilizer-Production-Inventory-and-Disappearance/qize-x4xc,public,annual,US,metric tons and nutrient tonnage,varies,current,public web,,Public fertilizer inventory by N P and K; good U.S. buffer proxy,high,Best public fertilizer inventory source.
census_m3_chemical_inventories,Manufacturers Shipments Inventories and Orders chemical products,Census Bureau,https://www.census.gov/manufacturing/m3,public,monthly,US,USD millions,1992,current,public web/API,,Broad chemical products inventory proxy; benchmark revised and not product specific,medium,Useful chemical inventory proxy not a commodity stock series.
china_nbs_crude_balance_proxy,China crude production and processing releases,NBS China,https://www.stats.gov.cn/english/,public,monthly,China,metric tons,varies,current,public web,,Monthly crude output and crude processing releases are inputs to inferred stock balances,high,Key input for China apparent balance inference.
china_gacc_crude_imports_proxy,China major crude oil imports,GACC,https://english.customs.gov.cn/Statistics/Statistics?ColumnId=1,public,monthly,China,"10,000 tons",2024,current,public web,,Monthly crude import tables are inputs to inferred stock balances,high,Key input for China apparent balance inference.
hormuz_2y7_public_daily_tracker_figure_data,Machine-readable data for public daily Hormuz tracker figure,Project derived from IMF PortWatch,issues/done/hormuz-2y7.7-produce-tracker-dataset-and-publication-chart.md,public/derived,static figure data,Strait of Hormuz chokepoint,daily calls and 7-day averages,2019-01-01,2026-08-16,project/public,figures/fig-2y7-public-hormuz-daily-transits.csv,regenerate after PortWatch refresh,medium,Companion CSV for fig-2y7-public-hormuz-daily-transits.svg.
hormuz_2y7_ship_tracker_widget,Blog ship tracker widget,Project derived from IMF PortWatch,issues/done/hormuz-2y7.7-produce-tracker-dataset-and-publication-chart.md,public/derived,static HTML widget,Strait of Hormuz chokepoint,daily calls and 7-day averages,2019-01-01,2026-08-16,project/public,blogpost/hormuz-ship-tracker-widget.html,regenerate after PortWatch refresh,medium,"Approved blog artifact candidate generated from the public tracker; keep synced with tracker CSV and SVG."
hormuz_m8q_2_current_traffic_scenario,Current Hormuz traffic continuation baseline,Project derived from IMF PortWatch,issues/done/hormuz-m8q.2-refresh-transit-and-set-current-traffic-scenario.md,public/derived,scenario baseline,Strait of Hormuz chokepoint,daily calls and projected cumulative calls,2026-07-08,2027-03-31,project/public,data/derived/hormuz_m8q_2_current_traffic_scenario.csv,regenerate after PortWatch refresh and reassess the current-regime start,medium_for_calls_low_for_oil_mapping,"Observed history through 2026-08-16 plus constant revised July-8-through-latest traffic scenarios through September 2026 December 2026 and March 2027; no nowcast within observed history, sampling interval excludes source revisions, and vessel calls are not oil cargo volumes."
hormuz_s49_2_oecd_us_reserve_response,OECD and US reserve response table,Project synthesis,issues/done/hormuz-s49.2-quantify-oecd-and-us-reserve-response.md,public/static,stockpile evidence,OECD and US,barrels days and qualitative reserve response,2024,2026-07-06,project notes,data/derived/hormuz_s49_2_oecd_us_reserve_response.csv,refresh after reserve data updates or RQ3 importer adjustment,medium,Partial RQ4 output; useful for reserve-response evidence but not a complete country-product buffer model.
hormuz_s49_3_china_spr_evidence_matrix,China SPR and commercial inventory evidence matrix,Project synthesis,issues/done/hormuz-s49.3-evaluate-china-spr-release-claims.md,public/static,stockpile evidence,China,claim confidence and source quality,2024,2026-07-06,project notes,data/derived/hormuz_s49_3_china_spr_evidence_matrix.csv,refresh after hormuz-f6r.2 substitution analysis,medium_low,"Evidence matrix distinguishes commercial draws from opaque government SPR; blocked on country-level substitution bridge."
hormuz_f6r_2_china_adjustment_matrix,China Hormuz exposure and adjustment matrix,Project synthesis,issues/done/hormuz-f6r.2-analyze-china-exposure-and-substitution-behavior.md,public/static,importer adjustment,China,mixed evidence categories,2024,2026-07-06,project notes,data/derived/hormuz_f6r_2_china_adjustment_matrix.csv,refresh after f6r.1 importer exposure matrix or new GAC/JODI/NBS releases,medium,"Separates observed data from inferred adjustment for China's crude LNG LPG petrochemical fertilizer exposure; not a cargo-level flow matrix."
hormuz_s49_4_lng_gas_buffer_table,LNG and gas storage buffer table,Project synthesis,issues/done/hormuz-s49.4-assess-lng-and-gas-storage-buffering.md,public/static,stockpile evidence,Europe and Asian LNG importers,days of cover and confidence,2024,2026-07-06,project notes,data/derived/hormuz_s49_4_lng_gas_buffer_table.csv,refresh after hormuz-f6r.3 Asia adjustment analysis,medium,Partial RQ4 table; denominators are not fully harmonized across regions.
hormuz_s49_5_fertilizer_chemical_buffer_table,Fertilizer and chemical inventory buffer table,Project synthesis,issues/done/hormuz-s49.5-assess-fertilizer-and-chemical-inventory-buffers.md,public/static,stockpile evidence,global and selected importers,days of cover and qualitative inventory buffers,2024,2026-07-06,project notes,data/derived/hormuz_s49_5_fertilizer_chemical_buffer_table.csv,refresh after importer/product exposure work,medium,Useful partial table; fertilizer and petrochemical buffers remain less observable than oil stocks.
hormuz_s49_6_stockpile_buffer_duration,Consolidated stockpile buffer duration table,Project synthesis,issues/done/hormuz-s49.6-estimate-stockpile-buffer-duration-by-country-product.md,public/static,stockpile evidence,major importers and products,low/base/high buffer days and qualitative coverage,2024,2026-07-06,project notes,data/derived/hormuz_s49_6_stockpile_buffer_duration.csv,refresh after reserve releases storage inventories importer adjustment or fertilizer stock data update,medium,"Consolidated RQ4 table with numeric durations only where public stock/release anchors support them; qualitative/proxy rows mark weak inventory observability."
hormuz_f6r_4_europe_exposure_matrix,Europe and Mediterranean Hormuz exposure matrix,Project synthesis,issues/done/hormuz-f6r.4-assess-europe-and-mediterranean-exposure.md,public/static,regional exposure classification,Europe and Mediterranean,qualitative exposure class plus trade and storage anchors,2025,2026-07-06,project notes,data/derived/hormuz_f6r_4_europe_exposure_matrix.csv,refresh after national importer matrices or licensed cargo-flow data,medium,"Classifies direct physical, indirect price, and minimal/limited exposure by crude products LNG fertilizer petrochemical channels; not a de-duplicated supply-loss total."
hormuz_l8m_6_sector_exposure_bands,US sector exposure pass-through bands,Project synthesis,issues/done/hormuz-l8m.6-produce-us-business-and-ai-cost-visuals.md,public/static,cost impact model,United States,scenario pass-through bands,2024,2026-07-06,project notes,data/derived/hormuz_l8m_6_sector_exposure_bands.csv,refresh after price-scenario or sector-exposure revisions,medium,Scenario sensitivity output for RQ5; not a realized-cost forecast.
hormuz_l8m_6_ai_electricity_cost_sensitivity,AI electricity cost sensitivity table,Project synthesis,issues/done/hormuz-l8m.6-produce-us-business-and-ai-cost-visuals.md,public/static,cost impact model,United States data centers,cents per token and power-cost sensitivity,2024,2026-07-06,project notes,data/derived/hormuz_l8m_6_ai_electricity_cost_sensitivity.csv,refresh after power-price or AI energy-intensity assumptions change,medium,Scenario sensitivity output for RQ5; excludes capex GPU labor and contract-specific tariff effects.
hormuz_l8m_6_sector_exposure_figure,US sector exposure pass-through figure,Project synthesis,issues/done/hormuz-l8m.6-produce-us-business-and-ai-cost-visuals.md,public/static,figure,United States,scenario pass-through bands,2024,2026-07-06,project notes,figures/hormuz-l8m-6-sector-exposure-pass-through-bands.svg,regenerate after source table changes,medium,SVG figure generated from hormuz_l8m_6_sector_exposure_bands.csv.
hormuz_l8m_6_ai_electricity_figure,AI electricity cost sensitivity figure,Project synthesis,issues/done/hormuz-l8m.6-produce-us-business-and-ai-cost-visuals.md,public/static,figure,United States data centers,cents per token and power-cost sensitivity,2024,2026-07-06,project notes,figures/hormuz-l8m-6-ai-electricity-cost-sensitivity.svg,regenerate after source table changes,medium,SVG figure generated from hormuz_l8m_6_ai_electricity_cost_sensitivity.csv.
hormuz_f6r_1_importer_exposure_matrix,Importer exposure matrix for Hormuz-linked products,Project synthesis,issues/done/hormuz-f6r.1-build-importer-exposure-matrix.md,public/static,Hormuz importer exposure,major importers and regions,mixed,2024,2026-07-06,project notes,data/derived/hormuz_f6r_1_importer_exposure_matrix.csv,refresh after licensed cargo-flow/customs destination data or f6r.2/f6r.3/f6r.4 updates,medium,"Best-effort table-ready importer exposure matrix using EIA/IEA/IFA public anchors and completed KMZ disruption tables; includes caveats where bilateral volumes are not public."
hormuz_f6r_5_replacement_demand_response,Replacement supply inventory draw and demand destruction matrix,Project synthesis,issues/done/hormuz-f6r.5-quantify-replacement-supply-and-demand-destruction.md,public/static,importer adjustment,major importers and product channels,mixed flow-equivalent units and qualitative bands,2024,2026-07-06,project notes,data/derived/hormuz_f6r_5_replacement_demand_response.csv,refresh after customs/cargo-flow data or new official stock allocation releases,medium,"Low/base/high scenario table distinguishing replacement supply inventory draw and demand destruction; numeric oil/gas rows are near-term flow-equivalent judgments and qualitative rows mark weak public observability."
hormuz_ccx_8_global_energy_shock_accounting,Global energy shock accounting frame,Project synthesis,issues/done/hormuz-ccx.8-build-global-energy-shock-accounting.md,public/static,global accounting frame,Hormuz and global,mb/d and bcm/d flow-equivalent,2024,2026-07-07,project notes,data/derived/hormuz_ccx_8_global_energy_shock_accounting.csv,refresh after KMZ/F6R/S49 balance or cargo-flow updates,medium,"Concise oil LNG and LPG accounting frame reconciling gross loss against replacement/redirection inventory draw and demand reduction; rows are not additive and explicitly flag double-counting risks."
hormuz_f6r_6_crude_importer_adjustment_data,Machine-readable crude importer adjustment figure data,Project synthesis,issues/done/hormuz-f6r.6-produce-destination-flow-map-and-exposure-chart.md,public/static,figure data,major crude importers,mb/d flow-equivalent,2024,2026-07-06,project notes,figures/fig-f6r-crude-importer-adjustment-data.csv,regenerate after f6r.5 updates,medium,"Figure data for direct crude/product exposure and base-case replacement inventory demand response buckets; scenario estimates not cargo accounting."
hormuz_f6r_6_crude_importer_adjustment_figure,Crude importer adjustment figure,Project synthesis,issues/done/hormuz-f6r.6-produce-destination-flow-map-and-exposure-chart.md,public/static,figure,major crude importers,mb/d flow-equivalent,2024,2026-07-06,project notes,figures/fig-f6r-crude-importer-adjustment.svg,regenerate after source table changes,medium,"SVG chart generated by scripts/build_f6r_destination_exposure_chart.py; shows adjustment buckets for major direct crude/product importers."
hormuz_f6r_7_replacement_supply_origins,Replacement supply origins by importer,Project synthesis,issues/done/hormuz-f6r.7-reconcile-replacement-supply-origins-by-importer.md,public/static,importer adjustment origins,China India Japan South Korea,mixed named origins mechanisms and caveats,2024,2026-07-07,project notes,data/derived/hormuz_f6r_7_replacement_supply_origins.csv,refresh after customs/cargo-flow data or new official importer statements,medium,"Reconciles public named replacement origins and mechanisms with F6R.5 bridge buckets; exact cargo-level replacement volumes generally require Kpler Vortexa licensed AIS or customs reconciliation."
hormuz_4j7_3_oil_shock_metric_slice,Historical oil shock metric slice,Project synthesis,issues/done/hormuz-4j7.3-collect-historical-supply-price-inventory-and-demand-data.md,public/static,historical comparison metrics,global oil shocks,flow shares buffers price response and caveats,1956,2026-07-06,project notes,data/derived/hormuz_4j7_3_oil_shock_metric_slice.csv,refresh if historical denominators or price-deflator method changes,medium,"Subagent-collected oil shock slice for RQ6; uses public IEA/EIA/World Bank/FRED/EI-OWID anchors and keeps denominator/price caveats explicit."
hormuz_4j7_3_route_shock_metric_slice,Historical route and shipping shock metric slice,Project synthesis,issues/done/hormuz-4j7.3-collect-historical-supply-price-inventory-and-demand-data.md,public/static,historical comparison metrics,shipping and route disruptions,route exposure rerouting freight and caveats,1956,2026-07-06,project notes,data/derived/hormuz_4j7_3_route_shock_metric_slice.csv,refresh if public freight insurance or traffic backfill data improves,medium,"Subagent-collected route/shipping slice for RQ6; route cases are not directly comparable to physical oil supply losses and should be scored separately."
hormuz_4j7_3_current_hormuz_metric_slice,Current Hormuz multi-product metric slice,Project synthesis,issues/done/hormuz-4j7.3-collect-historical-supply-price-inventory-and-demand-data.md,public/static,current comparison metrics,Hormuz and affected products,exposed flow low/base/high disruption shares buffers and caveats,2025,2026-07-06,project notes,data/derived/hormuz_4j7_3_current_hormuz_metric_slice.csv,refresh after RQ1/RQ2/RQ3/RQ4 scenario updates or observed disruption data,medium,"Subagent-collected current-Hormuz slice for RQ6; product rows overlap and should not be summed without de-duplication."
hormuz_4j7_3_historical_comparison_metric_panel,Historical and current Hormuz comparison metric panel,Project synthesis,issues/done/hormuz-4j7.3-collect-historical-supply-price-inventory-and-demand-data.md,public/static,normalized comparison panel,historical shocks and current Hormuz,24-column normalized evidence panel with provenance and caveats,1956,2026-07-06,project notes,data/derived/hormuz_4j7_3_historical_comparison_metric_panel.csv,regenerate after any 4j7.3 slice changes or before final RQ6 charting,medium,"Normalized union of oil shock, route shock, and current-Hormuz slices; supports 4j7.4 ranking while preserving source-slice provenance and missing values."
hormuz_4j7_4_case_ranking_scores,Historical shock case ranking scores,Project synthesis,issues/done/hormuz-4j7.4-rank-current-hormuz-shock-against-historical-analogues.md,public/static,comparison scoring,historical shocks and current Hormuz,dimension-level 0-4 scores weights ranks and caveats,1956,2026-07-06,project notes,data/derived/hormuz_4j7_4_case_ranking_scores.csv,regenerate after 4j7.3 panel or scoring rubric changes,medium,"First-pass transparent ranking table; combines historical analogues with current Hormuz headline/cost-channel rows and preserves NA values where current duration or price response is not observed."
hormuz_4j7_4_hormuz_product_ranking_scores,Current Hormuz product ranking scores,Project synthesis,issues/done/hormuz-4j7.4-rank-current-hormuz-shock-against-historical-analogues.md,public/static,comparison scoring,Hormuz product channels,dimension-level 0-4 scores weights ranks and caveats,2025,2026-07-06,project notes,data/derived/hormuz_4j7_4_hormuz_product_ranking_scores.csv,regenerate after 4j7.3 current-Hormuz slice or scoring rubric changes,medium,"First-pass product/channel scoring table; key result is LPG/NGL LNG and sulphur outrank the crude aggregate because bypass replacement and buffer evidence are weaker."
hormuz_4j7_5_historical_comparison_figure_data,Historical shock comparison figure data,Project synthesis,issues/done/hormuz-4j7.5-produce-historical-comparison-graphic.md,public/static,figure data,historical shocks and current Hormuz,normalized score and dimension-score fields for figure rendering,1956,2026-07-06,project notes,figures/fig-4j7-historical-shock-comparison-data.csv,regenerate with scripts/build_4j7_historical_comparison_chart.py after 4j7.4 score changes,medium,"Machine-readable figure data for the RQ6 historical comparison matrix; includes comparison-case and Hormuz product/channel panels with confidence/caveat fields."
hormuz_4j7_5_historical_comparison_figure,Historical shock comparison figure,Project synthesis,issues/done/hormuz-4j7.5-produce-historical-comparison-graphic.md,public/static,figure,historical shocks and current Hormuz,SVG comparison matrix with ranked severity and dimension scores,1956,2026-07-06,project notes,figures/fig-4j7-historical-shock-comparison.svg,regenerate with scripts/build_4j7_historical_comparison_chart.py after figure-data changes,medium,"Publication SVG generated from 4j7.4 score tables; explicitly caveats route-vs-supply comparability current exposure/scenario status and non-additive product rows."
eia_hormuz_oil_origin_destination_figure_data,EIA Hormuz oil origin and destination figure data,EIA,https://www.eia.gov/todayinenergy/images/2025.06.16/fig3.xlsx,public/static,static figure data,Hormuz,crude oil and condensate origin and destination totals in mb/d,2020,2025Q1,public web,,refresh if EIA reposts figure data,high,"Official EIA workbook based on Vortexa; provides separate origin and destination totals, not pairwise cargo flows."
eia_hormuz_lng_origin_destination_figure_data,EIA Hormuz LNG origin and destination figure data,EIA,https://www.eia.gov/todayinenergy/images/2025.06.24/fig2.xlsx,public/static,static figure data,Hormuz,LNG origin and destination totals in Bcf/d,2020,2025Q1,public web,,refresh if EIA reposts figure data,high,"Official EIA workbook based on Vortexa; provides separate origin and destination totals, not pairwise cargo flows."
hormuz_kmz_oil_baseline_sankey_data,Machine-readable oil baseline Sankey data,Project derived from EIA figure data and project product proxies,issues/done/hormuz-ccx.9-update-oil-sankey-with-products-lpg.md,public/derived,figure data,Hormuz,origin-to-Hormuz and Hormuz-to-destination links in mb/d,2024,2024,project/public,figures/fig-kmz-oil-hormuz-baseline-sankey-data.csv,regenerate with scripts/build_hormuz_baseline_sankeys.py after EIA figure data or product proxy changes,medium,"Crude/condensate totals are derived from EIA/Vortexa fig3; refined-products/LPG total is EIA fig1; country product split is indicative using kmz.1 proxies and Kuwait residual."
hormuz_kmz_oil_baseline_sankey_figure,Oil baseline Sankey figure,Project derived from EIA figure data and project product proxies,issues/done/hormuz-ccx.9-update-oil-sankey-with-products-lpg.md,public/derived,figure,Hormuz,origin and destination Sankey for oil and petroleum products in mb/d,2024,2024,project/public,figures/fig-kmz-oil-hormuz-baseline-sankey.svg,regenerate with scripts/build_hormuz_baseline_sankeys.py after figure-data or product proxy changes,medium,"Blog candidate SVG showing 2024 Hormuz crude/condensate plus refined-products/LPG totals; product origin split is indicative and product destinations are grouped."
hormuz_kmz_lng_baseline_sankey_data,Machine-readable LNG baseline Sankey data,Project derived from EIA figure data,issues/done/hormuz-ccx.3-assemble-final-figure-package.md,public/derived,figure data,Hormuz,origin-to-Hormuz and Hormuz-to-destination links in Bcf/d,2024,2024,project/public,figures/fig-kmz-lng-hormuz-baseline-sankey-data.csv,regenerate with scripts/build_hormuz_baseline_sankeys.py after EIA figure data changes,high,"Derived from EIA/Vortexa 2024 figure-data workbook; two-sided Sankey links are not country-pair cargo matches."
hormuz_kmz_lng_baseline_sankey_figure,LNG baseline Sankey figure,Project derived from EIA figure data,issues/done/hormuz-ccx.3-assemble-final-figure-package.md,public/derived,figure,Hormuz,origin and destination Sankey for LNG in Bcf/d,2024,2024,project/public,figures/fig-kmz-lng-hormuz-baseline-sankey.svg,regenerate with scripts/build_hormuz_baseline_sankeys.py after figure-data changes,high,"Blog candidate SVG showing 2024 Hormuz LNG origin and destination totals with caveats centralized in figures/README.md."
hormuz_m8q_3_global_adjustment_evidence,2026 Hormuz global oil adjustment and durability evidence,Project synthesis from IEA EIA and official sources,issues/done/hormuz-m8q.3-compile-global-oil-adjustment-channels.md,public/derived,source-vintage evidence table,global oil market,mixed mb/d million barrels percentages and qualitative evidence,2025-01-01,2026-07-31,project notes,data/derived/hormuz_m8q_3_global_adjustment_evidence.csv,refresh with each IEA OMR EIA STEO or official emergency-release execution update,medium_high,"Separates route preservation incremental production and redirection government obligated commercial and oil-on-water stocks China ownership ambiguity demand response and residual; cumulative-use field identifies direct March-July inputs versus context or reconciliation-only rows."
hormuz_m8q_1_monthly_oil_balance,Revision-aware February-August 2026 monthly oil balance and source panel,Project extraction from official IEA OMR and EIA STEO vintages,issues/done/hormuz-m8q.1-build-february-july-monthly-oil-balance.md,public/derived,monthly source-vintage panel,global oil market and affected Gulf producers,mb/d and million barrels,2026-02-01,2026-08-31,project/public,data/derived/hormuz_m8q_1_monthly_oil_balance.csv,regenerate with scripts/build_m8q_1_monthly_oil_balance.py after a new OMR or STEO vintage or historical revision,medium_high,"Includes seven archived EIA STEO vintages through August; frozen February counterfactual; IEA supply demand inventory refinery and Gulf-flow anchors; and explicit forecast-versus-preliminary status by observation month."
hormuz_m8q_5_current_traffic_oil_scenarios,Provisional current-traffic oil-supply and market-clearing scenarios,Project synthesis from EIA IEA and IMF PortWatch,issues/done/hormuz-m8q.5-model-current-traffic-oil-supply-scenarios.md,public/derived,period components and cumulative horizon summaries,global oil market and Strait of Hormuz,mb/d and million barrels,2026-03-01,2027-03-31,project/public,data/derived/hormuz_m8q_5_current_traffic_oil_scenarios.csv,regenerate with scripts/build_m8q_5_current_traffic_oil_scenarios.py after any m8q.1 m8q.2 or m8q.3 input update,low_medium,"Preserves preliminary March-June history and June relaxation; July is forecast/nowcast; holds the July 8-23 traffic regime through September December and March without mechanically converting vessel calls to barrels; publishes low-supply base and high-supply cases plus explicit residuals and durability rules."
hormuz_m8q_4_cumulative_global_oil_accounting,Cumulative March-July 2026 global oil accounting,Project calculation from frozen February and July EIA STEO vintages,issues/in-progress/hormuz-m8q.4-build-cumulative-accounting-and-current-traffic-scenarios.md,public/derived,monthly accounting bridge,global oil market,million barrels,2026-03-01,2026-07-31,project/public,data/derived/hormuz_m8q_4_cumulative_global_oil_accounting.csv,regenerate with scripts/build_m8q_4_cumulative_oil_accounting.py after the monthly oil balance changes,medium,"Closed forecast-vintage identity; March-June are preliminary and July is forecast. This is not proof that every global revision was caused by Hormuz."
hormuz_m8q_4_cumulative_global_oil_accounting_figure_data,Cumulative March-July 2026 global oil accounting figure data,Project calculation from frozen February and July EIA STEO vintages,issues/in-progress/hormuz-m8q.4-build-cumulative-accounting-and-current-traffic-scenarios.md,public/derived,figure data,global oil market,million barrels,2026-03-01,2026-07-31,project/public,figures/fig-m8q-cumulative-global-oil-accounting-data.csv,regenerate with scripts/build_m8q_4_cumulative_oil_accounting.py after the monthly oil balance changes,medium,"Machine-readable monthly input for the cumulative donut; exact denominator and zero arithmetic residual are retained."
hormuz_m8q_4_cumulative_global_oil_accounting_figure,Cumulative March-July 2026 global oil accounting figure,Project calculation from frozen February and July EIA STEO vintages,issues/in-progress/hormuz-m8q.4-build-cumulative-accounting-and-current-traffic-scenarios.md,public/derived,figure,global oil market,cumulative shares and million barrels,2026-03-01,2026-07-31,project/public,figures/fig-m8q-cumulative-global-oil-accounting.svg,regenerate with scripts/build_m8q_4_cumulative_oil_accounting.py after the monthly oil balance changes,medium,"Publication SVG; clearly labels July forecast status and the distinction between an implied inventory draw and observed tank movement."
hormuz_m8q_4_current_traffic_cumulative_scenarios_figure_data,Current-traffic cumulative oil-supply scenario figure data,Project synthesis from EIA IEA and IMF PortWatch,issues/in-progress/hormuz-m8q.4-build-cumulative-accounting-and-current-traffic-scenarios.md,public/derived,figure data,global oil market,million barrels,2026-03-01,2027-03-31,project/public,figures/fig-m8q-current-traffic-cumulative-scenarios-data.csv,regenerate with scripts/build_m8q_4_cumulative_scenario_chart.py after the scenario dataset changes,low_medium,"Three cumulative horizon rows with a base market-clearing bridge and resilient-to-stress physical supply-loss range; oil and traffic cutoffs are explicit."
hormuz_m8q_4_current_traffic_cumulative_scenarios_figure,Current-traffic cumulative oil-supply scenario figure,Project synthesis from EIA IEA and IMF PortWatch,issues/in-progress/hormuz-m8q.4-build-cumulative-accounting-and-current-traffic-scenarios.md,public/derived,figure,global oil market,cumulative billion barrels,2026-03-01,2027-03-31,project/public,figures/fig-m8q-current-traffic-cumulative-scenarios.svg,regenerate with scripts/build_m8q_4_cumulative_scenario_chart.py after the scenario dataset changes,low_medium,"Publication SVG; preserves June relaxation labels July forecast/nowcast holds current traffic forward and does not forecast price."
hormuz_m8q_6_gulf_physical_oil_ledger,Country-level Gulf physical oil ledger for the 2026 Hormuz shock,Project transcription and reconstruction from EIA IEA operator and official-reporting anchors,issues/done/hormuz-m8q.6-build-country-level-gulf-physical-oil-ledger.md,public/derived,monthly and cumulative physical ledger,Gulf producers and Hormuz bypass routes,mb/d and million barrels,2026-03-01,2026-07-31,project/public,data/derived/hormuz_m8q_6_gulf_physical_oil_ledger.csv,regenerate with scripts/build_m8q_6_gulf_physical_oil_ledger.py after a new STEO OMR route-flow or historical revision,medium,"EIA country crude shut-ins are official estimates through June; broader total-oil IEA rows are cross-checks; route flows are explicitly calibrated low-fidelity estimates; July country actuals are not yet available and the EIA 3Q aggregate is retained only as forecast context."
hormuz_m8q_7_nongulf_supply_ledger,March-July 2026 country-level non-Gulf oil-supply revision ledger,Project extraction from EIA STEO with IEA cross-checks,issues/done/hormuz-m8q.7-build-country-level-non-gulf-supply-ledger.md,public/derived,monthly country and reconciliation ledger,non-Gulf suppliers and global reconciliation,mb/d and million barrels,2026-03-01,2026-07-31,project/public,data/derived/hormuz_m8q_7_nongulf_supply_ledger.csv,regenerate with scripts/build_m8q_7_nongulf_supply_ledger.py after a new STEO vintage or before final historical accounting,medium_high_for_revision_low_for_causal_attribution,"Compares frozen February and August EIA STEO country/month production; March-July are preliminary estimates; keeps IEA Atlantic export shifts and Canada/Mexico commitments non-additive."
hormuz_a4d_2_august_steo_comparison,August 2026 STEO frozen-February comparison and July-vintage delta audit,Project extraction and calculation from official EIA STEO workbooks and report,issues/done/hormuz-a4d.2-ingest-august-2026-eia-steo.md,public/derived,headline country route Gulf and forward-assumption audit,global oil market Gulf producers and named non-Gulf suppliers,mb/d million barrels and boolean recommendation,2026-03-01,2027-12-31,project/public,data/derived/hormuz_a4d_2_august_steo_comparison.csv,regenerate with scripts/build_a4d_2_august_steo_comparison.py after an STEO vintage refresh,medium_high_for_arithmetic_low_to_medium_for_causal_or_route_interpretation,"Contains both March-June and March-July headline identities and July-vintage deltas; named country supply revisions; recomputed ordinary-revision bands; August Table 1 Gulf shut-ins including its unexplained country-versus-total discrepancy; the period-matched March-June route bridge; forward assumptions; and the frame recommendation."
hormuz_m8q_8_country_stocks_demand_ledger,March-July 2026 country stock and demand ledger,Project extraction and synthesis from EIA IEA and national sources,issues/done/hormuz-m8q.8-build-country-stock-and-demand-ledger.md,public/derived,monthly and cumulative country ledger,global regions and material countries,million barrels plus native context units,2026-03-01,2026-07-31,project/public,data/derived/hormuz_m8q_8_country_stocks_demand_ledger.csv,regenerate with scripts/build_m8q_8_country_stocks_demand_ledger.py after a new STEO OMR weekly stock observation or national demand release,medium_high_for_eia_revision_low_for_country_imputation,"Exact February-vs-July STEO demand bridge; U.S. weekly SPR and commercial stock paths; IEA allocation-versus-delivery split; China ownership and run-cut evidence; renewable EV and fuel-switching context kept non-additive."
hormuz_m8q_10_emergency_release_execution,March-July 2026 country emergency-oil release execution audit,Project extraction and bounded reconciliation from IEA EIA DOE METI and Eurostat,issues/done/hormuz-m8q.10-audit-country-emergency-oil-release-execution.md,public/derived,country execution audit,IEA members,million barrels and supporting stock levels,2026-02-27,2026-07-31,project/public,data/derived/hormuz_m8q_10_emergency_release_execution.csv,regenerate with scripts/build_m8q_10_emergency_release_execution.py after a new EIA weekly SPR observation national stock report Eurostat release or IEA execution update,medium_for_country_execution_high_for_aggregate,"Separates the 426 million barrel provisional plan actual physical stock changes contracts obligation relief and the rounded 290 million barrel IEA actual; country estimates with no public execution series are explicitly top-down and pro-rata."
hormuz_m8q_9_historical_bridge_audit,Independent two-stage audit of the March-July 2026 oil accounting bridge,Project synthesis from m8q.1 m8q.6 m8q.7 m8q.8 and m8q.10,issues/done/hormuz-m8q.9-audit-historical-global-oil-accounting-bridge.md,public/derived,two-stage accounting audit,global oil market and material countries,million barrels,2026-03-01,2026-07-31,project/public,data/derived/hormuz_m8q_9_historical_bridge_audit.csv,regenerate with scripts/build_m8q_9_historical_bridge_audit.py after any upstream historical ledger changes,medium_high_for_arithmetic_low_to_medium_for_attribution,"Separates the physical route diagnostic from global market clearing; matches March-June route and country cutoffs; marks July as forecast; preserves residuals; and nests country supply stock and demand detail without double counting."
hormuz_m8q_12_asia_demand_mechanism_scenarios,August-vintage March-June and March-July 2026 Asia/Oceania demand-mechanism scenarios,Project synthesis from EIA STEO and prior documented mechanism shares,issues/done/hormuz-a4d.8-refresh-regional-and-country-demand-splits.md,public/derived,exact-closing two-frame scenario ledger,Asia and Oceania,million barrels,2026-03-01,2026-07-31,project/public,data/derived/hormuz_m8q_12_asia_demand_mechanism_scenarios.csv,regenerate with scripts/build_a4d_8_august_demand_splits.py after a revised STEO vintage or stronger country evidence,low_for_causal_attribution_medium_high_for_arithmetic,"Frozen-February versus August denominators on both frames; Korea remains a bounded 0.05/0.20/0.40 mb/d suballocation; July is preliminary rather than forecast; scenario columns close exactly and remain non-causal."
hormuz_m8q_11_inventory_residual_scenarios,March-June 2026 unobserved inventory residual evidence and exact-closing scenarios,Project synthesis from EIA IEA national data and attributed analyst estimates,issues/done/hormuz-m8q.11-investigate-unobserved-global-inventory-draw.md,public/derived,evidence anchors and scenario allocation ledger,global oil market with material country evidence,million barrels,2026-03-01,2026-06-30,project/public,data/derived/hormuz_m8q_11_inventory_residual_scenarios.csv,regenerate with scripts/build_m8q_11_inventory_residual_scenarios.py after revised IEA observed stocks or EIA historical supply-demand vintages,low_for_allocation_high_for_arithmetic,"Distinguishes emergency-release execution from observed inventories; proves US commercial stocks are already inside IEA observed stocks; flags the 298 million barrel composite as mixed-vintage; and provides low base high hidden-physical sensitivity cases that each close exactly to 308.171 million barrels."
hormuz_m8q_13_non_asia_demand_mechanisms,August-vintage March-June and March-July 2026 non-Asia demand-mechanism scenarios,Project synthesis from EIA STEO and prior documented mechanism evidence,issues/done/hormuz-a4d.8-refresh-regional-and-country-demand-splits.md,public/derived,exact-closing two-frame regional scenario ledger,Middle East Africa Europe Eurasia Central and South America and North America,million barrels,2026-03-01,2026-07-31,project/public,data/derived/hormuz_m8q_13_non_asia_demand_mechanisms.csv,regenerate with scripts/build_a4d_8_august_demand_splits.py after a revised STEO vintage or stronger country evidence,low_for_causal_allocation_medium_high_for_arithmetic,"Low base and high mechanism classes close exactly by region; August changes the sign pattern so Central and South America is the March-July upward-consumption offset while North America is slightly downward."
hormuz_a4d_8_demand_splits_blog_table,August-vintage regional country and mechanism demand figure table,Project calculation from frozen-February and August EIA STEO plus OPEC NBS and customs evidence,issues/done/hormuz-a4d.8-refresh-regional-and-country-demand-splits.md,public/derived,blog-ready two-frame demand bridge and evidence table,world regions material countries and China,million barrels mb/d percent and evidence status,2026-03-01,2026-07-31,project/public,data/derived/hormuz_a4d_8_demand_splits_blog_table.csv,regenerate with scripts/build_a4d_8_august_demand_splits.py after an STEO vintage or China evidence update,medium_high_for_vintage_arithmetic_low_for_mechanism_attribution,"One table supports the regional figure without manual rescaling; every numeric row labels March-June or March-July; mechanism classes close to gross downward regions and offsets reconcile to the world net."
hormuz_r3v_2_period_matched_national_stocks,March-June 2026 public national oil-stock endpoint audit,Project extraction from Eurostat EIA METI and attributed Korean official reporting,issues/done/hormuz-a4d.5-refresh-strategic-and-commercial-stock-ledger.md,public/derived,period-match and availability ledger,IEA members with priority national series,million barrels plus native thousand tonnes million kl and days,2026-02-27,2026-06-30,project/public,data/derived/hormuz_r3v_2_period_matched_national_stocks.csv,regenerate with scripts/build_r3v_2_period_matched_national_stocks.py after national endpoints or Eurostat revisions publish,high_for_native_observations_medium_for_barrel_conversion,"Retains stock builds as negative draws; separates government obligated-industry ordinary commercial and mixed-holder stocks; Japan's exact June product-equivalent quantities imply a 71.641 million barrel net draw and are promoted to T1; exact usable Eurostat endpoints net to a 0.859 million barrel build; no national net change is added to the IEA collective-release aggregate."
hormuz_a4d_6_august_absorption_bridge,August-vintage Hormuz absorption bridge and residual audit,Project synthesis from completed a4d.1 a4d.2 and a4d.5 artifacts,issues/done/hormuz-a4d.6-rebuild-absorption-bridge-on-august-vintage.md,public/derived,two-frame market bridge route bridge interagency availability and historical residual benchmark,global oil market,million barrels and mb/d,2026-03-01,2026-07-31,project/public,data/derived/hormuz_a4d_6_august_absorption_bridge.csv,rebuild with scripts/build_r3v_1_confidence_tiered_absorption.py after August-vintage EIA or IEA inputs change,high_for_arithmetic_medium_for_preliminary_measurement_low_for_residual_physical_interpretation,"March-June closes at 1362.300 mb with a 184.786 mb residual; March-July closes at 1589.576 mb with a 130.013 mb residual. Preserves the missing public August Q2/Q3 IEA levels and the 110.4 mb EIA Gulf table discrepancy rather than imputing them."
hormuz_r3v_1_confidence_tiered_ledger,Hormuz absorption accounting tiered by evidence quality on the August 2026 vintage,project derived,issues/done/hormuz-a4d.6-rebuild-absorption-bridge-on-august-vintage.md,public,static two-frame ledger,global,million barrels,2026-03-01,2026-07-31,project derived from public EIA and IEA sources,data/derived/hormuz_r3v_1_confidence_tiered_ledger.csv,rebuild with scripts/build_r3v_1_confidence_tiered_absorption.py after a4d.1 a4d.2 or a4d.5 inputs change,medium_high_for_arithmetic_low_for_causal_and_residual_interpretation,"March-June tiers are T1 341.000 T2 396.078 T3 440.436 T4 184.786 mb; March-July tiers are T1 410.000 T2 479.227 T3 570.336 T4 130.013 mb. The direct same-vintage IEA stock aggregate replaces the mixed-vintage comparator; the old 117-528 mb cross-model/vintage range is retired rather than relabeled as August evidence."
hormuz_r3v_4_third_source_balance,March-June 2026 EIA IEA OPEC balance triangulation and historical discrepancy benchmark,Project extraction and synthesis from EIA IEA OPEC and IEF/RFF,issues/done/hormuz-r3v.4-triangulate-the-balance-against-a-third-source.md,public/derived,agency balance stock vintage and historical benchmark ledger,global oil market,million barrels and mb/d,2026-03-01,2026-06-30,project/public,data/derived/hormuz_r3v_4_third_source_balance.csv,regenerate with scripts/build_r3v_4_third_source_balance.py after revised agency balances or a fully revised IEA stock table becomes public,medium_for_historical_arithmetic_deprecated_for_IEA_cross_scope_range,"r3v.7 retires the 261.360 mb IEA cross-scope diagnostic and the 2.760/308.171/413.700 mb recommended range; retain only for provenance. The 308.171 mb EIA-minus-observed point and historical benchmark remain separate diagnostics."
hormuz_r3v_3_daily_price_context,Daily 2026 Brent WTI and Brent-WTI spread context,EIA via FRED,"https://fred.stlouisfed.org/graph/fredgraph.csv?id=DCOILBRENTEU,DCOILWTICO",public,daily,global and United States,USD per barrel,2026-01-01,2026-08-11,public web,data/external/prices/hormuz_r3v_3_daily_price_context.csv,regenerate with scripts/build_r3v_3_price_context.py when EIA/FRED updates,high_for_prices_low_for_shortage_inference,"Realized benchmark context only; latest official spot observation at the 18 August cutoff is 11 August because of source reporting lag. The July re-closure was followed by a large price rise but price does not identify causal barrels."
hormuz_r3v_3_price_context_summary,Period summaries of 2026 realized oil benchmark prices,Project calculation from EIA via FRED,issues/done/hormuz-a4d.9-refresh-realized-price-path.md,public/derived,period and event-window summary,global and United States,USD per barrel and percent,2026-01-01,2026-08-11,project/public,data/derived/hormuz_r3v_3_price_context_summary.csv,regenerate with scripts/build_r3v_3_price_context.py after source update,high_for_arithmetic_low_for_causal_interpretation,"Includes July re-closure and post-reclosure windows. Brent rose from 69.56 on 6 July to 105.32 on 23 July and was 93.26 on 11 August; no price-to-barrels inference is made."
hormuz_r3v_3_daily_time_spreads,Daily 2026 WTI and Brent prompt-to-deferred curve diagnostics,Yahoo Finance transport of exchange-listed CME NYMEX closes,https://query1.finance.yahoo.com/v8/finance/chart/,public,daily,global and United States,USD per barrel,2026-01-02,2026-08-17,Yahoo Finance public chart endpoint,data/external/prices/hormuz_r3v_3_daily_time_spreads.csv,regenerate with scripts/build_r3v_3_price_context.py while 2026 fixed-contract symbols remain available,medium_for_regime_low_for_exact_settlement,"Extends through the latest completed session before the 18 August publication cutoff. Continuous front-minus-December spreads have roll ambiguity and are not exchange-certified settlements; the expired Brent September series is preserved only through 31 July from the earlier capture."
hormuz_r3v_3_time_spread_summary,Period summaries of 2026 WTI and Brent prompt-to-deferred curve diagnostics,Project calculation from public futures closes,issues/done/hormuz-a4d.9-refresh-realized-price-path.md,public/derived,period and event-window summary,global and United States,USD per barrel days and percent,2026-01-02,2026-08-17,project/public,data/derived/hormuz_r3v_3_time_spread_summary.csv,regenerate with scripts/build_r3v_3_price_context.py after source update,medium_for_storage_discriminator_low_for_causal_attribution,"WTI and Brent front-minus-December are backwardated on every observed session from 8 July through 17 August; this weakens profit-seeking carry storage but does not exclude blocked cargoes congestion sanctioned dwell or longer voyage float."
hormuz_a4d_9_product_retail_prices,Daily EIA US Gulf Coast product spots gross crack proxies and weekly US retail fuel prices,EIA via FRED,"https://www.eia.gov/dnav/pet/pet_pri_spt_s1_d.htm | https://www.eia.gov/dnav/pet/pet_pri_gnd_dcus_nus_w.htm",public,daily spot and weekly retail,United States,USD per gallon,2026-01-01,2026-08-17,public web,data/external/prices/hormuz_a4d_9_product_retail_prices.csv,regenerate with scripts/build_r3v_3_price_context.py when EIA updates,high_for_prices_medium_for_gross_crack_proxy_low_for_causal_demand_inference,"Official EIA gasoline diesel jet spot and gasoline diesel retail observations transported by FRED. Gross crack proxy is product spot minus Brent divided by 42 and is not a realized refinery margin."
hormuz_a4d_9_product_retail_price_summary,Period summaries of EIA product spots retail fuel prices and gross crack proxies,Project calculation from EIA via FRED,issues/done/hormuz-a4d.9-refresh-realized-price-path.md,public/derived,period and event-window summary,United States,USD per gallon,2026-01-01,2026-08-17,project/public,data/derived/hormuz_a4d_9_product_retail_price_summary.csv,regenerate with scripts/build_r3v_3_price_context.py when source data update,high_for_arithmetic_low_for_causal_demand_inference,"At 17 August US regular gasoline was 4.049 dollars per gallon and diesel 5.454 or 41.7 and 50.6 percent above January-February means; prices alone do not establish US demand destruction."
hormuz_r3v_5_ordinary_steo_revision_baseline,Empirical ordinary STEO revision baseline and Hormuz-plausible attribution bands,Project extraction and calculation from official EIA STEO archive workbooks,issues/done/hormuz-r3v.5-separate-hormuz-effect-from-ordinary-forecast-revision.md,public/derived,vintage-pair panel and attribution bands,global regions and Russia,million barrels,2017-03-01,2026-07-31,project/public,data/derived/hormuz_r3v_5_ordinary_steo_revision_baseline.csv,regenerate with scripts/build_r3v_5_ordinary_steo_revision_baseline.py after a historical vintage choice or causal-band method changes,medium_for_band_high_for_arithmetic,"February-minus-July same-month revisions for 2017-19 2023-26; primary ordinary-plus-background-news sample excludes pandemic years and invasion onset; removes Russia before applying signed world-ex-Russia p10/p90 and min/max bands; this is bounded causal plausibility not an identified treatment effect."
hormuz_p2k_2_june_reopening_experiment,March-June 2026 partial-reopening natural-experiment ledger,Project synthesis from IEA EIA IMF PortWatch NBS METI Kpler and existing m8q ledgers,issues/done/hormuz-p2k.2-exploit-the-june-reopening-as-a-natural-experiment.md,public/derived,monthly channel panel plus reopening timing and sensitivity,global oil market Gulf producers United States China India Japan and South Korea,mb/d million barrels tanker calls deadweight tonnes and percent,2026-03-01,2026-06-30,project/public,data/derived/hormuz_p2k_2_june_reopening_experiment.csv,regenerate with scripts/build_p2k_2_june_reopening_experiment.py after PortWatch or any m8q.1 m8q.6 m8q.8 m8q.10 input changes,medium_for_observed_totals_low_medium_for_revealed_ordering,"Separates physical flow inventories refinery activity and demand proxies; preserves the 117 million barrel June oil-on-water confound; bounds inferred June Hormuz flow at 8.2/8.9/9.6 mb/d; rejects mechanical tanker-capacity conversion; revealed ordering is explicitly suggestive rather than causal."
hormuz_p2k_5_foregone_build_capacity,Frozen-February and postshock-July implied global oil-balance forward paths,Project extraction and calculation from official EIA STEO archive workbooks,issues/done/hormuz-p2k.5-quantify-remaining-foregone-build-capacity.md,public/derived,monthly annual period and counterfactual sensitivity panel,global oil market,mb/d and million barrels,2026-01-01,2027-12-31,project/public,data/derived/hormuz_p2k_5_foregone_build_capacity.csv,regenerate with scripts/build_p2k_5_foregone_build_capacity.py after the historical bridge changes or a different forecast vintage is selected,high_for_arithmetic_medium_for_forecast_low_for_counterfactual,"Extracts every month through December 2027; decomposes each vintage/year balance into its annual structural mean and monthly seasonal deviation; compares February and July paths; and shows balanced and tight-market burden sensitivities without treating foregone builds as a banked reserve."
hormuz_p2k_6_historical_durability_transfer,Historical shock durability-parameter transferability audit,Project synthesis from 4j7 IEA DOE and primary academic evidence,issues/done/hormuz-p2k.6-scope-whether-historical-shocks-inform-durability.md,public/derived,parameter transfer and rejection matrix,global oil market and United States,days months mb/d elasticity and qualitative verdicts,1973-10-17,2026-08-05,project/public,data/derived/hormuz_p2k_6_historical_durability_transfer.csv,regenerate with scripts/build_p2k_6_historical_durability_transfer.py after historical source or transferability judgments change,medium_for_process_bounds_high_for_rejections,"Only emergency-stock execution and normalisation cadence transfer at order-of-magnitude scale; US direct-purchase refill is country-specific; demand-decay rationing surplus bypass outage-duration severity-score and price parameters are explicitly rejected."
hormuz_p2k_7_bypass_headroom_vulnerability,Bypass-route headroom and single-point vulnerability ledger,Project synthesis from IEA Aramco JMIC Kpler Reuters operator reporting and m8q.6,issues/done/hormuz-p2k.7-assess-bypass-route-headroom-and-vulnerability.md,public/derived,route capacity vulnerability and realized interdiction ledger,Saudi Arabia UAE Iraq and other Gulf bypass routes,mb/d million barrels percent and qualitative route status,2026-03-01,2026-08-18,project/public,data/derived/hormuz_p2k_7_bypass_headroom_vulnerability.csv,regenerate with scripts/build_p2k_7_bypass_headroom_vulnerability.py after route-flow capacity or Red Sea security evidence changes,medium_low,"Separates pipeline throughput terminal exports and incremental exports; Saudi and UAE have zero demonstrated rate headroom; adds the post-June Saudi-specific Bab el-Mandeb embargo and attacks as a realized delivery constraint without fabricating a haircut to the historical 362.1 mb bypass total."
hormuz_p2k_4_china_demand_reclassification,China apparent-demand versus destocking reconciliation,Project extraction and synthesis from EIA STEO JODI NBS customs and attributed analyst evidence,issues/done/hormuz-p2k.4-test-whether-china-demand-reduction-is-destocking.md,public/derived,monthly reconciliation and low base high reclassification sensitivity,China,million barrels mb/d and million metric tonnes,2026-03-01,2026-07-31,project/public,data/derived/hormuz_p2k_4_china_demand_reclassification.csv,regenerate with scripts/build_p2k_4_china_demand_reclassification.py after a later JODI China product balance or STEO vintage is selected,low_for_reclassification_medium_high_for_reported_components,"Historical EIA China revision is 90.943 million barrels through June versus 119.992 including July forecast; JODI China product stocks are not submitted; recommended demand-to-opaque-inventory sensitivity is 0/14.972/29.943 million barrels and must leave total absorption unchanged."
hormuz_p2k_3_demand_cost_tier_matrix,Country-mechanism oil-demand economic-cost tier matrix,Project synthesis from IEA national authorities multilateral institutions and trade/news evidence,issues/done/hormuz-p2k.3-classify-demand-reduction-by-economic-cost-tier.md,public/derived,qualitative evidence matrix and horizon scenario,priority global geographies with country-resolved Southeast Asia,qualitative tier and evidence status,2026-03-01,2026-07-17,project/public,data/derived/hormuz_p2k_3_demand_cost_tier_matrix.csv,regenerate with scripts/build_p2k_3_demand_cost_tiers.py after new realized policy or operations evidence,medium_for_classification_low_medium_for_horizon,"Contains 35 evidence cells plus tier definitions and 6/12/18-month syntheses; tier trajectories preserve genuine unknowns and must not be treated as barrel allocations or summed to a global total."
hormuz_p2k_1_absorption_buffer_balance_sheet,Oil-shock absorption buffer balance sheet and marginal-absorber timeline,Project synthesis from p2k.2-p2k.8 and r3v.1,issues/done/hormuz-p2k.1-build-the-absorption-buffer-balance-sheet.md,public/derived,channel balance sheet stock-detail memos and 6/12/18-month conditional timeline,global oil market with United States and China detail,million barrels mb/d days and qualitative status,2026-03-01,2028-02-05,project/public,data/derived/hormuz_p2k_1_absorption_buffer_balance_sheet.csv,regenerate with scripts/build_p2k_1_absorption_buffer_balance_sheet.py after any p2k child or r3v.1 input changes,medium_for_arithmetic_low_for_forward_composition,"Separates upstream physical avoidance from downstream market clearing; publishes U.S. fixed-rate days-to-zero and IEA statutory-headroom bounds separately from binding operational floors; keeps T4 remaining capacity unknown; carries zero durable foregone-build credit near-capped bypass and a conditional no-price 6/12/18-month marginal-absorber timeline."
hormuz_r3v_6_missing_barrels_evidence,Historical missing-barrels precedents and 2026 analyst-commentary audit,Project synthesis from GAO IEA OPEC IEF academic and trade evidence,issues/done/hormuz-r3v.6-search-missing-barrels-literature-and-analyst-commentary.md,public/derived,historical precedent methodology search audit and mechanism-ranking ledger,global oil market,million barrels mb/d percent and qualitative status,1973-01-01,2026-08-06,project/public,data/derived/hormuz_r3v_6_missing_barrels_evidence.csv,regenerate with scripts/build_r3v_6_missing_barrels_evidence.py when revised 2026 balance vintages or new public analyst reconciliations appear,medium_for_historical_arithmetic_low_medium_for_2026_mechanism_ranking,"Confirms 1998 H1 at 1.799 mb/d or 325.7 mb and documents same-sign 2003 precedents; current 2.526 mb/d is larger in rate but not unprecedented in cumulative scale over longer windows; agency scatter proves material model dependence but cannot exclude unobserved stocks; large China government-SPR draw remains low support."
hormuz_r3v_7_interagency_balance_decomposition,Matched public EIA IEA OPEC oil-balance decomposition,Project calculation from EIA STEO IEA OMR and IEF agency comparison,issues/done/hormuz-r3v.7-decompose-the-iea-balance-into-supply-and-demand.md,public/derived,monthly inputs matched Q2 decomposition March sensitivity and scope guardrails,global oil market,mb/d and million barrels,2026-03-01,2026-06-30,project/public,data/derived/hormuz_r3v_7_interagency_balance_decomposition.csv,regenerate with scripts/build_r3v_7_interagency_balance_decomposition.py after revised public IEA monthly demand or supply inputs appear,medium_high_for_Q2_arithmetic_low_medium_for_March_sensitivity,"Exact public Q2 EIA-minus-IEA draw gap is 2.110 mb/d: 59.4% demand and 40.6% supply; 0.8 mb/d of the 0.856 supply component is in the outside-DoC/NGL bucket; March IEA demand remains non-public; the legacy 261.36 mb comparator and OPEC parallel-supply premise are retired."
hormuz_p2k_8_stock_exhaustion_bounds,Government oil-stock zero-exhaustion statutory-floor and release-rate bounds,Project calculation from EIA DOE GAO and IEA primary sources,issues/done/hormuz-a4d.5-refresh-strategic-and-commercial-stock-ledger.md,public/derived,bound and engineering-evidence ledger,United States and IEA net importers,million barrels mb/d days and dates,1982-08-20,2027-11-15,project/public,data/derived/hormuz_p2k_8_stock_exhaustion_bounds.csv,regenerate with scripts/build_p2k_8_stock_exhaustion_bounds.py after the EIA weekly SPR level IEA net-import-cover table or reported release pace changes,high_for_arithmetic_medium_for_floor_bounds_low_for_current_operational_floor,"Publishes fixed-rate U.S. days-to-zero upper bounds through 7 August; treats the greater-than-1-billion-barrel IEA level correctly as an illustrative lower-bound zero calculation; records that the August OMR supplies no newer public collective-action total; verifies the U.S. level is the lowest since January 1983; and separates DOE nominal from GAO effective draw capability."
hormuz_a4d_5_us_weekly_stocks,Mid-August U.S. SPR and total-commercial-petroleum stock ledger,U.S. Energy Information Administration weekly petroleum stock series,issues/done/hormuz-a4d.5-refresh-strategic-and-commercial-stock-ledger.md,public/derived,weekly stock ledger,United States,million barrels and mb/d,2026-02-27,2026-08-07,project/public,data/derived/hormuz_a4d_5_us_weekly_stocks.csv,regenerate with scripts/build_a4d_5_us_weekly_stocks.py after selecting a later research cutoff,high,"Positive changes are draws and negative changes are builds; commercial stocks exclude SPR; the June 26 to August 7 window is shown separately from the March-June accounting window."
hormuz_p2k_9_forward_surplus_decomposition,July STEO reopening branch and bounded no-reopening 2027 oil-balance decomposition,Project calculation from official EIA STEO report workbook and p2k.5,issues/done/hormuz-p2k.9-decompose-the-forward-surplus-reopening-assumption.md,public/derived,published monthly path documented assumptions and bounded scenario ledger,global oil market,mb/d and million barrels,2026-06-01,2027-12-31,project/public,data/derived/hormuz_p2k_9_forward_surplus_decomposition.csv,regenerate with scripts/build_p2k_9_forward_surplus_decomposition.py after the p2k.5 balance or Gulf recovery bound changes,high_for_arithmetic_low_for_no_reopening_scenario,"Publishes the October 2026 deficit-to-surplus crossover and 5.031 mb/d reopening-branch 2027 build; recovers EIA's 5.427/1.440 mb/d Q3/Q4 shut-in assumptions; and shows only -0.396 to +0.502 mb/d survives a Q3-level no-reopening hold while retaining July demand."
hormuz_p2k_10_country_demand_resolution,March-June country resolution of the EIA demand vintage gap,Project calculation from EIA STEO EIA international consumption baselines JODI and m8q.8,issues/done/hormuz-p2k.10-country-resolve-the-unallocated-demand-gap.md,public/derived,exact country and region rows nested residuals neutral-share allocations and non-additive JODI cross-checks,global with Middle East Asia/Oceania and Africa country detail,million barrels mb/d percent and qualitative fidelity,2026-03-01,2026-06-30,project/public,data/derived/hormuz_p2k_10_country_demand_resolution.csv,regenerate with scripts/build_p2k_10_country_demand_resolution.py after a new STEO vintage JODI release or country-level demand observation,medium_high_for_STEO_arithmetic_low_for_allocated_countries,"Removes July forecast from every headline; resolves the 134.865 mb Middle East bucket and the 115.375 mb residual Asia/Oceania bucket with explicit low-fidelity allocations; retains South Korea's 24.400 mb as a nested imputation and never adds JODI cross-checks to the EIA denominator."
hormuz_p2k_11_demand_scaling_scenarios,No-price demand-reduction scaling and country-sector landing scenarios,Project synthesis from p2k.3 p2k.7 p2k.8 p2k.9 and p2k.10,issues/done/hormuz-p2k.11-model-demand-reduction-scaling-scenarios.md,public/derived,headroom accounting scenario headlines country-sector continuity benchmarks and tier-3 watchlist,global with priority country and sector clusters,mb/d million barrels percent dates and qualitative tiers,2026-03-01,2027-12-24,project/public,data/derived/hormuz_p2k_11_demand_scaling_scenarios.csv,regenerate with scripts/build_p2k_11_demand_scaling_scenarios.py after any p2k.3 or p2k.7-p2k.10 input changes,high_for_arithmetic_low_for_scenario_landing,"Scales the 3.600 mb/d March-June demand-vintage gap to 4.500 5.400 and 7.200 mb/d; distinguishes already-running 3.4 mb/d bypass and 2.197 mb/d historical-average stock absorption from only 0/0.053/0.702 mb/d identified incremental flow; refuses a false usable-stock exhaustion date; and allocates scenario increments only as explicitly non-forecast continuity benchmarks."
hormuz_p2k_13_rerouting_causal_test,Oil-on-water rerouting causal test and historical route controls,Project calculation from IEA EIA Aramco UNCTAD World Bank p2k.2 p2k.12 and r3v.3,issues/done/hormuz-p2k.13-test-the-rerouting-cause-of-the-oil-on-water-rise.md,public/derived,route-float arithmetic monthly geographic bridge competing-mechanism bounds and historical controls,global with Atlantic East of Suez Yanbu Hormuz Gulf Russia and Red Sea cases,mb/d days nautical miles million barrels percent and USD/b,2020-05-01,2026-06-30,project/public,data/derived/hormuz_p2k_13_rerouting_causal_test.csv,regenerate with scripts/build_p2k_13_rerouting_causal_test.py after p2k.2 p2k.12 or r3v.3 changes or when vessel-level geography becomes available,low_medium_for_causal_attribution_medium_high_for_source_anchors,"Separates 57/91/125 mb strict structural rerouting from 66/111.6/151.8 mb ordinary June route refill; reconciles the +18/+53/+88 mb March-June net oil-on-water change while preserving zero same-bound residual closure; runs the backwardation discriminator; quantifies 2022 Russia 2024 Red Sea and 2020 contango controls; and preserves explicit sanctioned congestion measurement and unidentified-remainder bounds."
hormuz_p2k_12_oil_on_water_split,March-June onshore-accessibility and voyage-versus-floating-storage bridge,Project synthesis from IEA OMR and Kpler with p2k.13 mechanical bounds,issues/done/hormuz-p2k.12-separate-voyage-float-from-floating-storage.md,public/derived,monthly observed bridge causal scenario and accounting-boundary test,global oil inventories and Middle East Gulf,million barrels days and qualitative classification,2026-03-01,2026-06-30,project/public,data/derived/hormuz_p2k_12_oil_on_water_split.csv,regenerate with scripts/build_p2k_12_oil_on_water_split.py before r3v.1 and p2k.1 after any IEA stock revision or p2k.13 route update,medium_for_reported_splits_low_for_may_and_float_partition,"Corrects March global oil on water to -117 mb and retires the regional +100 mb misuse; estimates 316/351/386 mb onshore draw; shows the 18/53/88 mb apparent residual narrowing is an invalid boundary mismatch with zero same-bound closure; credits voyage float with zero usable headroom."
hormuz_g7t_1_china_crude_balance,February-July 2026 China crude balance using customs-total and seaborne imports,Project calculation from GAC NBS Kpler Vortexa EIA IEA Kayrros and Energy Aspects,issues/done/hormuz-g7t.1-reconcile-china-crude-balance-against-customs-totals.md,public/derived,monthly physical crude balance and comparator audit,China,million metric tonnes mb/d and million barrels,2026-02-01,2026-07-31,project/public,data/derived/hormuz_g7t_1_china_crude_balance.csv,regenerate with scripts/build_g7t_1_china_crude_balance.py after revised customs NBS tanker-tracking or observed-stock data,medium_for_official_months_low_medium_for_February_NBS_proxy_and_ownership,"Positive stock change is a build; February NBS production and processing use calendar-day allocations of combined Jan-Feb totals while GAC imports are monthly; total-minus-seaborne is pipeline plus tracking/definition gap; no residual is attributed to government SPR without an ownership bridge."
hormuz_k4w_scenarios,Canonical September-reopening and no-2026-reopening monthly shut-in factors,Project scenario assumptions anchored to EIA August STEO,issues/done/hormuz-k4w.1-derive-gulf-producer-gdp-floor.md,public/derived,monthly scenario factor,seven affected Gulf producers,share of July crude shut-in rate,2026-08-01,2026-12-31,project/public,data/derived/hormuz_k4w_scenarios.csv,regenerate with scripts/build_k4w_1_producer_gdp_floor.py only when canonical k4w scenario definitions change,low_for_scenario_high_for_arithmetic,"Scenario A holds July rates through September then linearly converges over 1 3 or 6 months; Scenario B holds July rates through December; these are assumptions not forecasts."
hormuz_k4w_1_producer_gdp_floor,Gulf producer 2026 crude-output loss and direct real-GDP level proxy,Project calculation from EIA August STEO and national constant-price accounts,issues/done/hormuz-k4w.1-derive-gulf-producer-gdp-floor.md,public/derived,country by scenario,Saudi Arabia Iraq Kuwait UAE Qatar Bahrain and Iran,percent percentage points mb/d and million barrels,2026-03-01,2026-12-31,project/public,data/derived/hormuz_k4w_1_producer_gdp_floor.csv,regenerate with scripts/build_k4w_1_producer_gdp_floor.py after source shut-ins national-account weights or scenarios change,medium_for_GCC_low_for_Iran,"Real GDP level proxy not growth revision; preserves EIA's unexplained 110.4 mb displayed-row gap; Qatar and UAE mix crude losses with oil-and-gas shares and are not clean lower bounds; nonhydrocarbon channels excluded."
hormuz_k4w_2_price_paths,Transparent 2026 Brent bridge for canonical k4w scenarios,Project calculation from observed EIA-FRED Brent and k4w shut-in factors,issues/done/hormuz-k4w.2-audit-and-retime-consumer-country-gdp-forecasts.md,public/derived,monthly scenario price path,global Brent,USD per barrel,2026-01-01,2026-12-31,project/public,data/derived/hormuz_k4w_2_price_paths.csv,regenerate with scripts/build_k4w_2_consumer_gdp_retiming.py after realized prices or scenarios change,low_for_price_scenario_high_for_arithmetic,"Observed monthly means through July; August 1-11 mean held for August; later premium over prewar mean scales with the canonical shut-in factor; transparent bridge not econometric forecast."
hormuz_k4w_2_consumer_gdp_retiming,Ten-economy ADB July 2026 real-GDP forecast audit and scenario sensitivity,Project calculation from ADB July Outlook April Outlook Brief 388 and repo demand revisions,issues/done/hormuz-k4w.2-audit-and-retime-consumer-country-gdp-forecasts.md,public/derived,country by scenario,China India Indonesia Thailand Viet Nam Philippines Malaysia Singapore Japan and South Korea,percent percentage points USD per barrel and million barrels,2026-01-01,2026-12-31,project/public,data/derived/hormuz_k4w_2_consumer_gdp_retiming.csv,regenerate with scripts/build_k4w_2_consumer_gdp_retiming.py after ADB vintage realized prices demand revisions or scenarios change,low_medium_for_retiming_high_for_audit,"Real growth and growth revisions not GDP level losses; uses labeled ADB regional bundled scenario slopes because no country oil-price elasticities are published; physical rationing can make damage materially larger."
